{"type": "FeatureCollection", "features": [{"type": "Feature", "geometry": {"type": "Polygon", "coordinates": [[[-74.0045557, 40.7065103], [-74.0043144, 40.7066523], [-74.0041249, 40.7067756], [-74.0039059, 40.7069141], [-74.0039268, 40.7069386], [-74.0041483, 40.7072239], [-74.0041995, 40.7071917], [-74.0042706, 40.7071471], [-74.0043667, 40.7070867], [-74.0045206, 40.7069916], [-74.004675, 40.7068961], [-74.0047743, 40.7068357], [-74.0048362, 40.7067981], [-74.0048046, 40.7067682], [-74.0048205, 40.7067584], [-74.0045761, 40.70653], [-74.0045557, 40.7065103]]]}, "properties": {"external_ref": "osm-way-40010489", "name": "199 Water Street"}}, {"type": "Feature", "geometry": {"type": "Polygon", "coordinates": [[[-74.0077435, 40.7034386], [-74.0077796, 40.7034691], [-74.0078143, 40.7034985], [-74.0078492, 40.703528], [-74.0078839, 40.7035574], [-74.0079188, 40.7035869], [-74.0080103, 40.7036642], [-74.0080451, 40.7036937], [-74.0080799, 40.7037231], [-74.0081147, 40.7037525], [-74.0081321, 40.7037673], [-74.0081496, 40.7037821], [-74.0081841, 40.7038112], [-74.0081445, 40.7038381], [-74.0081057, 40.7038645], [-74.0080669, 40.7038908], [-74.008028, 40.7039172], [-74.0079897, 40.7039433], [-74.0078947, 40.7040078], [-74.0078568, 40.7040336], [-74.007818, 40.70406], [-74.0077791, 40.7040864], [-74.0077402, 40.7041128], [-74.0077019, 40.7041388], [-74.0076661, 40.7041085], [-74.0076313, 40.7040791], [-74.0075965, 40.7040497], [-74.0075617, 40.7040202], [-74.0075268, 40.7039907], [-74.0074351, 40.7039132], [-74.0074003, 40.7038838], [-74.0073655, 40.7038543], [-74.0073307, 40.7038249], [-74.0072958, 40.7037954], [-74.0072613, 40.7037662], [-74.0072935, 40.7037443], [-74.0073011, 40.7037391], [-74.0073167, 40.7037285], [-74.00734, 40.7037128], [-74.0073788, 40.7036863], [-74.0074176, 40.70366], [-74.0074566, 40.7036335], [-74.0075413, 40.703576], [-74.0075498, 40.7035702], [-74.0075886, 40.7035438], [-74.0076275, 40.7035174], [-74.0076664, 40.7034909], [-74.0077052, 40.7034646], [-74.0077435, 40.7034386]]]}, "properties": {"external_ref": "osm-way-42455776", "name": "33 Old Slip"}}, {"type": "Feature", "geometry": {"type": "Polygon", "coordinates": [[[-74.0050489, 40.7066539], [-74.0054154, 40.7063986], [-74.0053835, 40.7063721], [-74.0053903, 40.7063669], [-74.0054021, 40.7063555], [-74.0054114, 40.7063427], [-74.0054181, 40.7063291], [-74.0054219, 40.7063148], [-74.0054227, 40.7063076], [-74.0054221, 40.706293], [-74.0054207, 40.7062858], [-74.0054158, 40.7062717], [-74.0054081, 40.7062584], [-74.0054, 40.7062494], [-74.0054325, 40.7062273], [-74.005254, 40.7060792], [-74.004892, 40.7063315], [-74.0049211, 40.7063551], [-74.0049078, 40.7063672], [-74.0048983, 40.7063773], [-74.0048905, 40.7063905], [-74.0048835, 40.7064032], [-74.0048811, 40.7064099], [-74.0048784, 40.7064235], [-74.0048786, 40.7064372], [-74.0048798, 40.7064441], [-74.0048844, 40.7064574], [-74.0048918, 40.70647], [-74.0049018, 40.7064814], [-74.0048689, 40.7065044], [-74.0050489, 40.7066539]]]}, "properties": {"external_ref": "osm-way-68312585", "name": "175 Water Street"}}, {"type": "Feature", "geometry": {"type": "Polygon", "coordinates": [[[-74.0052603, 40.7073859], [-74.0051212, 40.7071882], [-74.0050461, 40.7072158], [-74.0049342, 40.7072602], [-74.004926, 40.7072508], [-74.0049149, 40.7072553], [-74.0048546, 40.7071697], [-74.0048331, 40.7071392], [-74.0047363, 40.7071959], [-74.0042943, 40.7074547], [-74.004327, 40.7075011], [-74.0044364, 40.7076596], [-74.0044693, 40.7077082], [-74.0052603, 40.7073859]]]}, "properties": {"external_ref": "osm-way-68312595", "name": "200 Water Street"}}, {"type": "Feature", "geometry": {"type": "Polygon", "coordinates": [[[-74.014236, 40.7083883], [-74.0142657, 40.7083147], [-74.0142979, 40.7082349], [-74.0141389, 40.7081865], [-74.0140776, 40.7081678], [-74.0139996, 40.7081441], [-74.0139828, 40.7081804], [-74.0139766, 40.7081945], [-74.013925, 40.7083095], [-74.0141917, 40.7083771], [-74.014236, 40.7083883]]]}, "properties": {"external_ref": "osm-way-70605978", "name": "99 Washington Street"}}, {"type": "Feature", "geometry": {"type": "Polygon", "coordinates": [[[-74.0154519, 40.7112615], [-74.0153701, 40.7112334], [-74.0153563, 40.7112567], [-74.0153335, 40.711295], [-74.0152432, 40.7114472], [-74.0152263, 40.7114756], [-74.0152101, 40.7115029], [-74.0152919, 40.7115311], [-74.0153051, 40.7115089], [-74.0153217, 40.711481], [-74.0154125, 40.7113279], [-74.0154367, 40.7112871], [-74.0154519, 40.7112615]]]}, "properties": {"external_ref": "osm-way-75309459", "name": "OSM 75309459"}}, {"type": "Feature", "geometry": {"type": "Polygon", "coordinates": [[[-74.0154036, 40.7118566], [-74.0153146, 40.7118261], [-74.0153995, 40.7116836], [-74.0153371, 40.7115466], [-74.0152919, 40.7115311], [-74.0152101, 40.7115029], [-74.0151678, 40.7114884], [-74.0149914, 40.7115372], [-74.0149107, 40.711667], [-74.0149716, 40.7118039], [-74.0149919, 40.7118083], [-74.0148988, 40.7120577], [-74.0149695, 40.7121011], [-74.0149027, 40.7122801], [-74.01488, 40.7122752], [-74.014874, 40.7122915], [-74.0148563, 40.7122877], [-74.0148518, 40.7122997], [-74.0148355, 40.7122962], [-74.0147751, 40.7124577], [-74.0147925, 40.7124615], [-74.014788, 40.7124737], [-74.0148046, 40.7124773], [-74.0147974, 40.7124965], [-74.014817, 40.7125008], [-74.0148116, 40.7125151], [-74.0148899, 40.7125458], [-74.0148823, 40.7125679], [-74.0148687, 40.7126044], [-74.0148407, 40.7126797], [-74.0148271, 40.7127159], [-74.0148721, 40.7127818], [-74.01497, 40.7128189], [-74.0150571, 40.7127864], [-74.0150713, 40.7127485], [-74.0157751, 40.7130573], [-74.0158039, 40.7130157], [-74.0160336, 40.7126931], [-74.0160406, 40.7126961], [-74.0161002, 40.7126165], [-74.0158807, 40.7125214], [-74.0159286, 40.7123955], [-74.0159515, 40.7123319], [-74.0159446, 40.7123304], [-74.0159676, 40.7122689], [-74.0156517, 40.7122009], [-74.0156586, 40.7121833], [-74.0156267, 40.7121654], [-74.0155859, 40.7121482], [-74.015544, 40.7121375], [-74.0155064, 40.712133], [-74.0154656, 40.7121305], [-74.0154209, 40.7121319], [-74.0154145, 40.7121493], [-74.0153664, 40.7121389], [-74.0154641, 40.7118775], [-74.0154036, 40.7118566]]]}, "properties": {"external_ref": "osm-way-75309461", "name": "225 Liberty Street"}}, {"type": "Feature", "geometry": {"type": "Polygon", "coordinates": [[[-74.0154825, 40.7099884], [-74.0156001, 40.7100151], [-74.0155923, 40.7100351], [-74.0156462, 40.7100474], [-74.0156481, 40.7100424], [-74.0156849, 40.7100428], [-74.0157032, 40.7100439], [-74.0157396, 40.7100478], [-74.0157754, 40.7100541], [-74.0157856, 40.7100566], [-74.0158104, 40.7100626], [-74.0158275, 40.7100678], [-74.0158608, 40.7100797], [-74.0158769, 40.7100864], [-74.0159079, 40.7101014], [-74.0159059, 40.7101064], [-74.015959, 40.7101184], [-74.0159675, 40.7100967], [-74.0160845, 40.7101232], [-74.015996, 40.7103491], [-74.0160464, 40.7103606], [-74.0158421, 40.7108911], [-74.0157198, 40.7108629], [-74.0156824, 40.7109584], [-74.0156946, 40.7109612], [-74.0157598, 40.7110985], [-74.0156812, 40.71123], [-74.0155033, 40.7112783], [-74.0154519, 40.7112615], [-74.0153701, 40.7112334], [-74.0153304, 40.7112198], [-74.0152669, 40.7110828], [-74.0152811, 40.7110585], [-74.0153015, 40.7110247], [-74.0153221, 40.7109905], [-74.0153489, 40.7109469], [-74.0152134, 40.7108821], [-74.0152607, 40.7107614], [-74.0151373, 40.7107334], [-74.01521, 40.710548], [-74.0151954, 40.7105447], [-74.0151991, 40.7105145], [-74.0151961, 40.7105138], [-74.0152367, 40.7104104], [-74.0152582, 40.7103829], [-74.0152734, 40.7103864], [-74.0153458, 40.7102015], [-74.0153946, 40.7102126], [-74.0154825, 40.7099884]]]}, "properties": {"external_ref": "osm-way-75309471", "name": "200 Liberty Street"}}, {"type": "Feature", "geometry": {"type": "Polygon", "coordinates": [[[-74.0168406, 40.7103491], [-74.0169256, 40.7103679], [-74.0171761, 40.7104231], [-74.0172515, 40.7104397], [-74.0172092, 40.71055], [-74.0171846, 40.710614], [-74.0171826, 40.7106192], [-74.0171426, 40.7107235], [-74.0170646, 40.7107063], [-74.0168614, 40.7106616], [-74.0168157, 40.7106515], [-74.0168089, 40.7106501], [-74.0167316, 40.7106329], [-74.0167718, 40.7105285], [-74.0167983, 40.7104596], [-74.0168274, 40.710385], [-74.0168302, 40.7103765], [-74.0168406, 40.7103491]]]}, "properties": {"external_ref": "osm-way-75359827", "name": "355 South End Avenue"}}, {"type": "Feature", "geometry": {"type": "Polygon", "coordinates": [[[-74.0103081, 40.7070501], [-74.0102808, 40.7070782], [-74.0099537, 40.7074147], [-74.0099259, 40.7074433], [-74.0099165, 40.707453], [-74.0101881, 40.7076047], [-74.0102253, 40.7075664], [-74.0105524, 40.7072299], [-74.0105797, 40.7072018], [-74.0105617, 40.7071917], [-74.01055, 40.7071852], [-74.0105155, 40.707166], [-74.0104669, 40.7071388], [-74.0104243, 40.707115], [-74.0103416, 40.7070688], [-74.0103267, 40.7070605], [-74.0103081, 40.7070501]]]}, "properties": {"external_ref": "osm-way-109337830", "name": "26 Wall Street"}}, {"type": "Feature", "geometry": {"type": "Polygon", "coordinates": [[[-74.0055329, 40.7112421], [-74.0055762, 40.7112177], [-74.0056854, 40.7111562], [-74.0057589, 40.7111147], [-74.0058034, 40.7110896], [-74.0058159, 40.7110821], [-74.0058844, 40.7110408], [-74.005955, 40.7109983], [-74.0060238, 40.7109569], [-74.0060493, 40.7109415], [-74.0060196, 40.7109126], [-74.0060053, 40.7108986], [-74.0059929, 40.7108869], [-74.0055994, 40.7105149], [-74.0055772, 40.7105382], [-74.0055501, 40.7105671], [-74.0054956, 40.7106252], [-74.005476, 40.710646], [-74.0054523, 40.7106713], [-74.0053958, 40.7107315], [-74.005355, 40.710775], [-74.0053388, 40.7107923], [-74.0053211, 40.7108111], [-74.0052356, 40.7109022], [-74.0052319, 40.7109059], [-74.0051992, 40.7109403], [-74.0054865, 40.7111979], [-74.005499, 40.7112098], [-74.0055123, 40.7112225], [-74.0055329, 40.7112421]]]}, "properties": {"external_ref": "osm-way-109473848", "name": "8 Spruce Street"}}, {"type": "Feature", "geometry": {"type": "Polygon", "coordinates": [[[-74.0171149, 40.7065469], [-74.0171421, 40.706475], [-74.0173062, 40.7060485], [-74.017317, 40.7060187], [-74.0170819, 40.7059183], [-74.0170811, 40.7059205], [-74.0170736, 40.7059408], [-74.0170493, 40.7060033], [-74.017046, 40.7060118], [-74.0170233, 40.7060701], [-74.0170184, 40.7060829], [-74.0169461, 40.7062688], [-74.0169432, 40.7062759], [-74.0169134, 40.7063522], [-74.016911, 40.706359], [-74.0169063, 40.7063711], [-74.0168943, 40.7064019], [-74.0168774, 40.7064455], [-74.0171149, 40.7065469]]]}, "properties": {"external_ref": "osm-way-129700432", "name": "30 Little West Street"}}, {"type": "Feature", "geometry": {"type": "Polygon", "coordinates": [[[-74.0098339, 40.7056718], [-74.0099236, 40.7053472], [-74.0098969, 40.7052961], [-74.0098797, 40.7052633], [-74.0095514, 40.7053037], [-74.0095152, 40.7053082], [-74.0094755, 40.705313], [-74.0091183, 40.705357], [-74.0091232, 40.7054304], [-74.0091278, 40.7054999], [-74.0094741, 40.7056126], [-74.0097661, 40.7057076], [-74.0097994, 40.70569], [-74.0098339, 40.7056718]]]}, "properties": {"external_ref": "osm-way-155429480", "name": "20 Exchange Place"}}, {"type": "Feature", "geometry": {"type": "Polygon", "coordinates": [[[-74.0128975, 40.7049024], [-74.012904, 40.7049408], [-74.0132012, 40.7049142], [-74.0131516, 40.704595], [-74.0130785, 40.7041246], [-74.0128752, 40.7041427], [-74.0128708, 40.7041141], [-74.0125839, 40.7041104], [-74.0123355, 40.7041072], [-74.0123426, 40.7041903], [-74.0123512, 40.7042463], [-74.0123657, 40.7043387], [-74.0121903, 40.7043546], [-74.0121147, 40.7043614], [-74.0121439, 40.7045465], [-74.0121481, 40.7045733], [-74.012155, 40.7046218], [-74.012163, 40.7046721], [-74.0125878, 40.7046336], [-74.0126342, 40.7046294], [-74.0126803, 40.704922], [-74.0128975, 40.7049024]]]}, "properties": {"external_ref": "osm-way-155440973", "name": "2 Broadway"}}, {"type": "Feature", "geometry": {"type": "Polygon", "coordinates": [[[-74.016143, 40.7112394], [-74.0161658, 40.7112441], [-74.0162271, 40.7112579], [-74.016338, 40.7112828], [-74.0164765, 40.7113129], [-74.0165594, 40.7113312], [-74.0165185, 40.711438], [-74.0164921, 40.7115069], [-74.0164562, 40.7116004], [-74.016452, 40.7116112], [-74.0163697, 40.711593], [-74.0161194, 40.7115379], [-74.0160356, 40.7115194], [-74.0160755, 40.7114155], [-74.0160888, 40.7113808], [-74.0161021, 40.7113462], [-74.016143, 40.7112394]]]}, "properties": {"external_ref": "osm-way-157212264", "name": "395 South End Avenue"}}, {"type": "Feature", "geometry": {"type": "Polygon", "coordinates": [[[-74.0120497, 40.7114124], [-74.0121383, 40.7111605], [-74.0122275, 40.7109066], [-74.0120867, 40.7108516], [-74.0119741, 40.7108084], [-74.0119563, 40.7108348], [-74.0119222, 40.7108216], [-74.0119303, 40.7108095], [-74.0119119, 40.7108024], [-74.0119332, 40.7107709], [-74.0113449, 40.7105429], [-74.0112792, 40.7106402], [-74.0110891, 40.710922], [-74.0111368, 40.7109405], [-74.011121, 40.7109638], [-74.0110642, 40.7110481], [-74.0116048, 40.7112577], [-74.0116262, 40.711226], [-74.0116445, 40.7112331], [-74.0116531, 40.7112204], [-74.0116872, 40.7112336], [-74.0116668, 40.711264], [-74.0119272, 40.7113649], [-74.0120497, 40.7114124]]]}, "properties": {"external_ref": "osm-way-166839381", "name": "175 Greenwich Street"}}, {"type": "Feature", "geometry": {"type": "Polygon", "coordinates": [[[-74.0100001, 40.7055821], [-74.0100769, 40.7053693], [-74.0101076, 40.7052991], [-74.0101423, 40.7052177], [-74.0101612, 40.7052292], [-74.0102033, 40.7052548], [-74.0102212, 40.7052656], [-74.0103132, 40.7052527], [-74.0103075, 40.7052377], [-74.0102962, 40.7052076], [-74.0105563, 40.705188], [-74.0105589, 40.7052138], [-74.0106123, 40.7052136], [-74.0106637, 40.7052135], [-74.0106994, 40.705359], [-74.0106415, 40.7053634], [-74.0105818, 40.705368], [-74.0106314, 40.7055495], [-74.0102922, 40.7055549], [-74.0101756, 40.7055653], [-74.0100001, 40.7055821]]]}, "properties": {"external_ref": "osm-way-169362506", "name": "15 William Street"}}, {"type": "Feature", "geometry": {"type": "Polygon", "coordinates": [[[-74.0115687, 40.70563], [-74.0116398, 40.7050455], [-74.0119508, 40.7050574], [-74.0122305, 40.7050681], [-74.0123202, 40.7050715], [-74.0123802, 40.7050741], [-74.0124842, 40.7050785], [-74.0124806, 40.7051442], [-74.0122892, 40.7055507], [-74.012241, 40.7056498], [-74.0122016, 40.7056457], [-74.0121324, 40.7056384], [-74.0120014, 40.7056247], [-74.0117933, 40.7056275], [-74.0116476, 40.7056297], [-74.0115773, 40.7056299], [-74.0115687, 40.70563]]]}, "properties": {"external_ref": "osm-way-169362524", "name": "60 Broad Street"}}, {"type": "Feature", "geometry": {"type": "Polygon", "coordinates": [[[-74.0129077, 40.7051041], [-74.0126969, 40.7050962], [-74.0126609, 40.7051156], [-74.0125451, 40.7053566], [-74.0125808, 40.7053672], [-74.0126535, 40.7053908], [-74.0127733, 40.7054265], [-74.0129903, 40.705493], [-74.0131223, 40.7055327], [-74.0132113, 40.7055599], [-74.0132297, 40.7055084], [-74.0132451, 40.7054653], [-74.0132553, 40.7054064], [-74.0132573, 40.7053455], [-74.0132533, 40.7052801], [-74.0132505, 40.7051659], [-74.0132487, 40.7051144], [-74.0130296, 40.7051072], [-74.0129077, 40.7051041]]]}, "properties": {"external_ref": "osm-way-213924948", "name": "26 Broadway"}}, {"type": "Feature", "geometry": {"type": "Polygon", "coordinates": [[[-74.0054035, 40.7055566], [-74.0052755, 40.7054522], [-74.0051722, 40.705368], [-74.0050459, 40.7052651], [-74.0050474, 40.7052299], [-74.005049, 40.7051944], [-74.005184, 40.7050991], [-74.0052979, 40.7050188], [-74.005323, 40.7050195], [-74.005412, 40.7049567], [-74.005554, 40.7049598], [-74.0056347, 40.7050287], [-74.0056529, 40.7050289], [-74.0056654, 40.7050391], [-74.0057562, 40.7051132], [-74.0058825, 40.7052161], [-74.0058809, 40.7052541], [-74.0058794, 40.7052876], [-74.0057446, 40.7053828], [-74.0056649, 40.7054389], [-74.0056306, 40.7054631], [-74.0054945, 40.7055591], [-74.0054491, 40.7055579], [-74.0054035, 40.7055566]]]}, "properties": {"external_ref": "osm-way-260437634", "name": "180 Maiden Lane"}}, {"type": "Feature", "geometry": {"type": "Polygon", "coordinates": [[[-74.0118775, 40.7079196], [-74.0119081, 40.7079338], [-74.0119424, 40.7079273], [-74.0119599, 40.7079058], [-74.0119522, 40.7078796], [-74.0119216, 40.7078654], [-74.0118873, 40.7078719], [-74.0118698, 40.7078934], [-74.0118775, 40.7079196]]]}, "properties": {"external_ref": "osm-way-276175159", "name": "OSM 276175159"}}, {"type": "Feature", "geometry": {"type": "Polygon", "coordinates": [[[-74.0172371, 40.7054239], [-74.0172231, 40.7054636], [-74.017164, 40.7056229], [-74.0171231, 40.705737], [-74.0175565, 40.7059192], [-74.0177862, 40.7060149], [-74.0177945, 40.7059803], [-74.0178042, 40.7059453], [-74.0178146, 40.7058826], [-74.0178192, 40.7058195], [-74.017818, 40.7057563], [-74.0178111, 40.7056933], [-74.0178054, 40.705662], [-74.0177898, 40.7055999], [-74.0177686, 40.7055388], [-74.0177446, 40.7054843], [-74.017733, 40.7054817], [-74.0177073, 40.7054763], [-74.017595, 40.7054529], [-74.017446, 40.7054221], [-74.0172975, 40.7053917], [-74.017291, 40.7053904], [-74.0172845, 40.7054075], [-74.0172759, 40.7054318], [-74.0172371, 40.7054239]]]}, "properties": {"external_ref": "osm-way-276202578", "name": "Millennium Point"}}, {"type": "Feature", "geometry": {"type": "Polygon", "coordinates": [[[-74.0089911, 40.7119937], [-74.0090492, 40.711924], [-74.0091432, 40.711811], [-74.0091837, 40.7117623], [-74.0094127, 40.7118727], [-74.0092531, 40.7120645], [-74.0092201, 40.7121042], [-74.0090057, 40.7120003], [-74.0089911, 40.7119937]]]}, "properties": {"external_ref": "osm-way-277904719", "name": "14 Vesey Street"}}, {"type": "Feature", "geometry": {"type": "Polygon", "coordinates": [[[-74.0079623, 40.7104241], [-74.0080385, 40.7104628], [-74.0078818, 40.7106207], [-74.0078088, 40.7105788], [-74.0078544, 40.7105328], [-74.0078983, 40.7104886], [-74.0079623, 40.7104241]]]}, "properties": {"external_ref": "osm-way-277904720", "name": "141 Fulton Street"}}, {"type": "Feature", "geometry": {"type": "Polygon", "coordinates": [[[-74.0094271, 40.7118554], [-74.0094667, 40.7118745], [-74.0095021, 40.7118916], [-74.0094878, 40.7119088], [-74.0093282, 40.7121007], [-74.0092531, 40.7120645], [-74.0094127, 40.7118727], [-74.0094271, 40.7118554]]]}, "properties": {"external_ref": "osm-way-277904723", "name": "18 Vesey Street"}}, {"type": "Feature", "geometry": {"type": "Polygon", "coordinates": [[[-74.0094878, 40.7119088], [-74.0095704, 40.7119486], [-74.0097182, 40.7120198], [-74.0096039, 40.7121572], [-74.009495, 40.7121047], [-74.0094258, 40.7121879], [-74.0093043, 40.7121294], [-74.0093282, 40.7121007], [-74.0094878, 40.7119088]]]}, "properties": {"external_ref": "osm-way-277904724", "name": "20 Vesey Street"}}, {"type": "Feature", "geometry": {"type": "Polygon", "coordinates": [[[-74.0089911, 40.7119937], [-74.008799, 40.7122247], [-74.0083142, 40.7119912], [-74.0085062, 40.7117604], [-74.008554, 40.7117834], [-74.0086215, 40.7118159], [-74.008722, 40.7118643], [-74.0089911, 40.7119937]]]}, "properties": {"external_ref": "osm-way-277904750", "name": "225 Broadway"}}, {"type": "Feature", "geometry": {"type": "Polygon", "coordinates": [[[-74.0081798, 40.7105344], [-74.0085761, 40.7107355], [-74.0088856, 40.7108925], [-74.0086667, 40.7111423], [-74.0086326, 40.711125], [-74.0085902, 40.7111755], [-74.0085212, 40.7111396], [-74.0085078, 40.7111545], [-74.0082875, 40.7110408], [-74.0083009, 40.7110259], [-74.0082417, 40.7109951], [-74.0079066, 40.7108115], [-74.0079271, 40.7107903], [-74.007966, 40.71075], [-74.0080743, 40.7106408], [-74.0080885, 40.7106265], [-74.0081022, 40.7106127], [-74.0081202, 40.7105945], [-74.0081435, 40.710571], [-74.0081601, 40.7105543], [-74.0081798, 40.7105344]]]}, "properties": {"external_ref": "osm-way-277904751", "name": "222 Broadway"}}, {"type": "Feature", "geometry": {"type": "Polygon", "coordinates": [[[-74.008923, 40.7112916], [-74.0089421, 40.7112688], [-74.0090343, 40.7111589], [-74.0090543, 40.7111349], [-74.0091032, 40.7111591], [-74.0091111, 40.7111499], [-74.0094587, 40.711321], [-74.0094077, 40.7113806], [-74.00943, 40.7113915], [-74.0094606, 40.7114066], [-74.0094698, 40.7114111], [-74.0094452, 40.7114398], [-74.0094229, 40.7114658], [-74.0094153, 40.711462], [-74.0093831, 40.7114462], [-74.0093612, 40.7114354], [-74.0093095, 40.7114957], [-74.0089621, 40.7113246], [-74.0089703, 40.711315], [-74.0089543, 40.7113071], [-74.008923, 40.7112916]]]}, "properties": {"external_ref": "osm-way-277904752", "name": "209 Broadway"}}, {"type": "Feature", "geometry": {"type": "Polygon", "coordinates": [[[-74.0078544, 40.7105328], [-74.0078204, 40.710513], [-74.0077586, 40.7105758], [-74.007797, 40.7105978], [-74.0078655, 40.7106371], [-74.0077712, 40.7107323], [-74.0077008, 40.710693], [-74.007634, 40.7106556], [-74.0075065, 40.7105844], [-74.0075018, 40.7105799], [-74.0075, 40.7105743], [-74.0075003, 40.7105714], [-74.0075033, 40.7105661], [-74.007739, 40.7103248], [-74.0077452, 40.7103211], [-74.0077489, 40.71032], [-74.0077565, 40.7103197], [-74.0079161, 40.7104007], [-74.0079473, 40.7104166], [-74.0079623, 40.7104241], [-74.0078983, 40.7104886], [-74.0078544, 40.7105328]]]}, "properties": {"external_ref": "osm-way-277904753", "name": "Bennett Building"}}, {"type": "Feature", "geometry": {"type": "Polygon", "coordinates": [[[-74.0087074, 40.7115185], [-74.0091922, 40.7117521], [-74.0091837, 40.7117623], [-74.0091432, 40.711811], [-74.0090492, 40.711924], [-74.0089911, 40.7119937], [-74.008722, 40.7118643], [-74.0086215, 40.7118159], [-74.008554, 40.7117834], [-74.0085062, 40.7117604], [-74.0087074, 40.7115185]]]}, "properties": {"external_ref": "osm-way-277904759", "name": "217 Broadway"}}, {"type": "Feature", "geometry": {"type": "Polygon", "coordinates": [[[-74.0081798, 40.7105344], [-74.0081601, 40.7105543], [-74.0081435, 40.710571], [-74.0081202, 40.7105945], [-74.0081022, 40.7106127], [-74.0080885, 40.7106265], [-74.0080743, 40.7106408], [-74.007966, 40.71075], [-74.0079271, 40.7107903], [-74.0079066, 40.7108115], [-74.0077712, 40.7107323], [-74.0078655, 40.7106371], [-74.0078818, 40.7106207], [-74.0080385, 40.7104628], [-74.0081798, 40.7105344]]]}, "properties": {"external_ref": "osm-way-277904769", "name": "143 Fulton Street"}}, {"type": "Feature", "geometry": {"type": "Polygon", "coordinates": [[[-74.0168089, 40.7106501], [-74.0167853, 40.7107112], [-74.0167999, 40.7107144], [-74.0166651, 40.7110644], [-74.0166606, 40.7110634], [-74.0166294, 40.7111443], [-74.0166262, 40.7111532], [-74.0166021, 40.7112211], [-74.0165699, 40.7113042], [-74.0165594, 40.7113312], [-74.0164765, 40.7113129], [-74.016338, 40.7112828], [-74.0163489, 40.7112548], [-74.0163604, 40.7112255], [-74.016379, 40.7111702], [-74.0163995, 40.7111192], [-74.0164055, 40.7111043], [-74.016414, 40.7110833], [-74.0163592, 40.7110712], [-74.0161794, 40.7110316], [-74.0163653, 40.7105511], [-74.0166303, 40.7106105], [-74.0167316, 40.7106329], [-74.0168089, 40.7106501]]]}, "properties": {"external_ref": "osm-way-277919043", "name": "345 South End Avenue"}}, {"type": "Feature", "geometry": {"type": "Polygon", "coordinates": [[[-74.0164921, 40.7115069], [-74.0165852, 40.7115269], [-74.0165889, 40.711517], [-74.0166794, 40.7115369], [-74.0167018, 40.7114778], [-74.0167934, 40.711498], [-74.0168071, 40.711462], [-74.0172338, 40.7115559], [-74.0172696, 40.7115637], [-74.017453, 40.7116041], [-74.0173886, 40.7117734], [-74.0167441, 40.7116317], [-74.0167329, 40.7116613], [-74.0164562, 40.7116004], [-74.0164921, 40.7115069]]]}, "properties": {"external_ref": "osm-way-277919044", "name": "385 South End Avenue"}}, {"type": "Feature", "geometry": {"type": "Polygon", "coordinates": [[[-74.017588, 40.7110051], [-74.0176288, 40.7110143], [-74.0176769, 40.7108908], [-74.0178505, 40.7109299], [-74.0177765, 40.7111201], [-74.017562, 40.7110718], [-74.017588, 40.7110051]]]}, "properties": {"external_ref": "osm-way-277919045", "name": "365 South End Avenue"}}, {"type": "Feature", "geometry": {"type": "Polygon", "coordinates": [[[-74.0172638, 40.7114777], [-74.0172395, 40.7114723], [-74.0172737, 40.7113831], [-74.0172974, 40.7113884], [-74.0173286, 40.711307], [-74.0172639, 40.7112928], [-74.0172173, 40.7112825], [-74.0171299, 40.7112633], [-74.0171047, 40.7112577], [-74.0170791, 40.7112521], [-74.0171024, 40.7111914], [-74.0171124, 40.7111652], [-74.017126, 40.7111296], [-74.0171492, 40.711069], [-74.0172013, 40.7110805], [-74.0173016, 40.7111026], [-74.0173321, 40.7111089], [-74.0178695, 40.7112276], [-74.0178766, 40.7112292], [-74.0179236, 40.7112395], [-74.0179006, 40.7112995], [-74.0178535, 40.7114226], [-74.0173828, 40.711319], [-74.0173757, 40.7113372], [-74.0174043, 40.7113435], [-74.017344, 40.711501], [-74.0172976, 40.7114908], [-74.0172696, 40.7115637], [-74.0172338, 40.7115559], [-74.0172638, 40.7114777]]]}, "properties": {"external_ref": "osm-way-277919046", "name": "375 South End Avenue"}}, {"type": "Feature", "geometry": {"type": "Polygon", "coordinates": [[[-74.0168274, 40.710385], [-74.0167983, 40.7104596], [-74.0167718, 40.7105285], [-74.0167316, 40.7106329], [-74.0166303, 40.7106105], [-74.0163653, 40.7105511], [-74.0164621, 40.7103031], [-74.0165268, 40.7103168], [-74.0167279, 40.7103625], [-74.0167787, 40.710374], [-74.0168274, 40.710385]]]}, "properties": {"external_ref": "osm-way-277919048", "name": "303 South End Avenue"}}, {"type": "Feature", "geometry": {"type": "Polygon", "coordinates": [[[-74.0171846, 40.710614], [-74.0173699, 40.7106545], [-74.0173958, 40.7105864], [-74.0176775, 40.7106479], [-74.0178569, 40.7106871], [-74.0177946, 40.7108509], [-74.0176172, 40.7108122], [-74.0173333, 40.7107502], [-74.0173283, 40.7107634], [-74.0171426, 40.7107235], [-74.0171826, 40.7106192], [-74.0171846, 40.710614]]]}, "properties": {"external_ref": "osm-way-277921806", "name": "365 South End Avenue"}}, {"type": "Feature", "geometry": {"type": "Polygon", "coordinates": [[[-74.0163784, 40.7095192], [-74.0162167, 40.7099367], [-74.0159848, 40.7098846], [-74.0160077, 40.7098257], [-74.0160194, 40.7097956], [-74.0160421, 40.7098007], [-74.0160608, 40.7097524], [-74.0160862, 40.7097581], [-74.0161051, 40.7097092], [-74.0161443, 40.709718], [-74.0161961, 40.7095846], [-74.016161, 40.7095767], [-74.0161689, 40.7095564], [-74.0161988, 40.709479], [-74.0163784, 40.7095192]]]}, "properties": {"external_ref": "osm-way-277922710", "name": "250 South End Avenue"}}, {"type": "Feature", "geometry": {"type": "Polygon", "coordinates": [[[-74.0168922, 40.7097426], [-74.0168298, 40.7099025], [-74.0170184, 40.7099456], [-74.0170397, 40.7099504], [-74.0170584, 40.7099547], [-74.017087, 40.7099607], [-74.0170326, 40.7101001], [-74.0170254, 40.7101185], [-74.0169947, 40.7101117], [-74.0169331, 40.7100976], [-74.0169345, 40.7100942], [-74.0167696, 40.7100569], [-74.0167673, 40.7100628], [-74.0166183, 40.7100291], [-74.016568, 40.7100177], [-74.0167087, 40.7097011], [-74.0168922, 40.7097426]]]}, "properties": {"external_ref": "osm-way-277922711", "name": "300 Albany Street"}}, {"type": "Feature", "geometry": {"type": "Polygon", "coordinates": [[[-74.0177261, 40.7092045], [-74.0172909, 40.7090676], [-74.0171611, 40.7090277], [-74.0174744, 40.7085926], [-74.0176682, 40.7086749], [-74.0174795, 40.7089376], [-74.0177085, 40.7090082], [-74.0178132, 40.7090405], [-74.0177261, 40.7092045]]]}, "properties": {"external_ref": "osm-way-277922712", "name": "300 Rector Place"}}, {"type": "Feature", "geometry": {"type": "Polygon", "coordinates": [[[-74.0170922, 40.7099474], [-74.017126, 40.7099543], [-74.0171145, 40.709984], [-74.0175388, 40.7100785], [-74.017545, 40.7100624], [-74.0175594, 40.7100656], [-74.0175906, 40.7100745], [-74.0176104, 40.7100789], [-74.017822, 40.7101257], [-74.0178562, 40.7100382], [-74.0178618, 40.7100237], [-74.018054, 40.7100671], [-74.0179834, 40.7103394], [-74.0178555, 40.7103097], [-74.0175292, 40.7102348], [-74.0174826, 40.7102244], [-74.0174907, 40.7102037], [-74.0174462, 40.7101937], [-74.0173906, 40.7101812], [-74.0172967, 40.7101594], [-74.0172383, 40.7101467], [-74.0171443, 40.7101253], [-74.0170869, 40.7101124], [-74.0170326, 40.7101001], [-74.017087, 40.7099607], [-74.0170922, 40.7099474]]]}, "properties": {"external_ref": "osm-way-277922713", "name": "328 Albany Street"}}, {"type": "Feature", "geometry": {"type": "Polygon", "coordinates": [[[-74.0178431, 40.7100194], [-74.0178758, 40.7099359], [-74.0178448, 40.7099289], [-74.0178732, 40.7098559], [-74.0176455, 40.7098044], [-74.0177096, 40.7096401], [-74.0179611, 40.7096969], [-74.0179823, 40.7097017], [-74.0180988, 40.709877], [-74.018054, 40.7100671], [-74.0178618, 40.7100237], [-74.0178431, 40.7100194]]]}, "properties": {"external_ref": "osm-way-277922714", "name": "377 Rector Place"}}, {"type": "Feature", "geometry": {"type": "Polygon", "coordinates": [[[-74.0178132, 40.7090405], [-74.0180075, 40.7090998], [-74.0180148, 40.7090861], [-74.0180246, 40.7090818], [-74.0179909, 40.7090365], [-74.017967, 40.7090468], [-74.0179526, 40.7090275], [-74.0179581, 40.7090251], [-74.017951, 40.7090155], [-74.0179386, 40.7090208], [-74.0178547, 40.7090016], [-74.0178104, 40.7089421], [-74.0178378, 40.7088784], [-74.0179142, 40.7088455], [-74.0180003, 40.7088653], [-74.018044, 40.7089241], [-74.0180168, 40.708989], [-74.0180048, 40.7089942], [-74.0180116, 40.7090033], [-74.0180178, 40.7090006], [-74.0180314, 40.709019], [-74.0180086, 40.7090288], [-74.0180432, 40.7090753], [-74.0180486, 40.709073], [-74.0180689, 40.7090772], [-74.0181204, 40.708867], [-74.0183331, 40.7089565], [-74.0182628, 40.7092373], [-74.0180829, 40.7093159], [-74.0177261, 40.7092045], [-74.0178132, 40.7090405]]]}, "properties": {"external_ref": "osm-way-277922715", "name": "380 Rector Place"}}, {"type": "Feature", "geometry": {"type": "Polygon", "coordinates": [[[-74.0167087, 40.7097011], [-74.0168519, 40.7094461], [-74.0172052, 40.709526], [-74.0172921, 40.7095457], [-74.0173722, 40.7095638], [-74.0177096, 40.7096401], [-74.0176455, 40.7098044], [-74.0173316, 40.7097334], [-74.0169312, 40.7096429], [-74.0168922, 40.7097426], [-74.0167087, 40.7097011]]]}, "properties": {"external_ref": "osm-way-277922716", "name": "OSM 277922716"}}, {"type": "Feature", "geometry": {"type": "Polygon", "coordinates": [[[-74.0157304, 40.7093741], [-74.0157933, 40.7092126], [-74.0164414, 40.7093577], [-74.0163784, 40.7095192], [-74.0161988, 40.709479], [-74.0159187, 40.7094162], [-74.0157304, 40.7093741]]]}, "properties": {"external_ref": "osm-way-277922717", "name": "OSM 277922717"}}, {"type": "Feature", "geometry": {"type": "Polygon", "coordinates": [[[-74.0159187, 40.7094162], [-74.0158982, 40.7094689], [-74.0159633, 40.7094834], [-74.0159545, 40.7095082], [-74.0158921, 40.7096661], [-74.0158447, 40.7096555], [-74.0158334, 40.7096846], [-74.0157833, 40.7098131], [-74.0155773, 40.709767], [-74.0157304, 40.7093741], [-74.0159187, 40.7094162]]]}, "properties": {"external_ref": "osm-way-277922718", "name": "OSM 277922718"}}, {"type": "Feature", "geometry": {"type": "Polygon", "coordinates": [[[-74.0184522, 40.7042803], [-74.0184801, 40.7042768], [-74.0184947, 40.7043439], [-74.0185072, 40.7044012], [-74.0183947, 40.7044153], [-74.0183332, 40.704423], [-74.0182871, 40.7044288], [-74.0182063, 40.7044389], [-74.0181841, 40.7044417], [-74.0181623, 40.7044444], [-74.0180407, 40.7044596], [-74.0179984, 40.7044649], [-74.0179548, 40.7044704], [-74.017833, 40.7044857], [-74.0178116, 40.7044884], [-74.0177887, 40.7044912], [-74.0177088, 40.7045012], [-74.0176666, 40.7045065], [-74.0175309, 40.7045235], [-74.0173476, 40.7045464], [-74.0173412, 40.7045174], [-74.0173342, 40.704485], [-74.0173266, 40.7044501], [-74.0173206, 40.7044229], [-74.0173746, 40.7044162], [-74.0173539, 40.704321], [-74.0173879, 40.704316], [-74.0174259, 40.704312], [-74.0174464, 40.7044062], [-74.017474, 40.7044027], [-74.017489, 40.7044009], [-74.0175043, 40.7043989], [-74.0176389, 40.7043821], [-74.0179288, 40.7043458], [-74.0179757, 40.7043403], [-74.0180177, 40.7043347], [-74.0181379, 40.7043196], [-74.0181573, 40.7043172], [-74.0181831, 40.704314], [-74.0182609, 40.7043042], [-74.0183062, 40.7042985], [-74.0183678, 40.7042908], [-74.0184062, 40.704286], [-74.0184522, 40.7042803]]]}, "properties": {"external_ref": "osm-way-277924002", "name": "22 Battery Place"}}, {"type": "Feature", "geometry": {"type": "Polygon", "coordinates": [[[-74.0178443, 40.7068518], [-74.0178409, 40.7068565], [-74.0177766, 40.7068297], [-74.0177353, 40.7068125], [-74.0178213, 40.7066931], [-74.0178318, 40.7066974], [-74.0178755, 40.7066366], [-74.0178651, 40.7066323], [-74.0179514, 40.7065124], [-74.0179623, 40.706517], [-74.018004, 40.706459], [-74.0179931, 40.7064545], [-74.0180798, 40.7063341], [-74.0181868, 40.7063787], [-74.0181824, 40.7063848], [-74.018251, 40.7064133], [-74.0182554, 40.7064073], [-74.0185231, 40.7065189], [-74.0185179, 40.7065261], [-74.0184062, 40.7066813], [-74.0182033, 40.7065967], [-74.0182092, 40.7065886], [-74.0181862, 40.7065791], [-74.0181706, 40.7065831], [-74.0180579, 40.7067396], [-74.0180599, 40.7067487], [-74.018086, 40.7067596], [-74.0180906, 40.7067532], [-74.0182935, 40.7068378], [-74.0181786, 40.7069973], [-74.0180565, 40.7069464], [-74.0179754, 40.7069126], [-74.0179083, 40.7068846], [-74.0179117, 40.7068799], [-74.0178443, 40.7068518]]]}, "properties": {"external_ref": "osm-way-277924003", "name": "50 Battery Place"}}, {"type": "Feature", "geometry": {"type": "Polygon", "coordinates": [[[-74.0173876, 40.7072978], [-74.017397, 40.7073017], [-74.0174167, 40.7072744], [-74.0174073, 40.7072705], [-74.0174982, 40.7071444], [-74.0175082, 40.7071486], [-74.0175269, 40.7071226], [-74.017517, 40.7071185], [-74.0176245, 40.7069693], [-74.0176651, 40.7069859], [-74.0179467, 40.7071038], [-74.018069, 40.707155], [-74.017955, 40.7073132], [-74.0178528, 40.7072705], [-74.0178589, 40.7072626], [-74.0178007, 40.7072384], [-74.0177849, 40.7072422], [-74.017765, 40.7072339], [-74.0177593, 40.7072213], [-74.0177267, 40.7072078], [-74.0177069, 40.7072096], [-74.0176921, 40.7072301], [-74.0176702, 40.7072604], [-74.0176735, 40.7072745], [-74.0176437, 40.7073149], [-74.017628, 40.707319], [-74.0176093, 40.7073449], [-74.0175898, 40.707372], [-74.0175955, 40.707383], [-74.0176327, 40.7073985], [-74.0176449, 40.707395], [-74.0176671, 40.7074043], [-74.0176725, 40.7074171], [-74.0177301, 40.707441], [-74.0177359, 40.707433], [-74.0178379, 40.7074756], [-74.0177266, 40.70763], [-74.0176091, 40.7075809], [-74.0173119, 40.7074568], [-74.017282, 40.7074443], [-74.0173876, 40.7072978]]]}, "properties": {"external_ref": "osm-way-277924004", "name": "70 Battery Place"}}, {"type": "Feature", "geometry": {"type": "Polygon", "coordinates": [[[-74.0165879, 40.7086646], [-74.0167114, 40.7087056], [-74.0168689, 40.7085013], [-74.0167529, 40.7084525], [-74.0168117, 40.7083715], [-74.0171211, 40.7085017], [-74.0170941, 40.7085388], [-74.0168921, 40.7088168], [-74.0168179, 40.7089189], [-74.0164773, 40.7088109], [-74.0165483, 40.708717], [-74.0165879, 40.7086646]]]}, "properties": {"external_ref": "osm-way-277924012", "name": "OSM 277924012"}}, {"type": "Feature", "geometry": {"type": "Polygon", "coordinates": [[[-74.0126029, 40.708905], [-74.012467, 40.7088461], [-74.0124205, 40.708826], [-74.0126214, 40.7085208], [-74.0127819, 40.7085864], [-74.0128039, 40.7085954], [-74.0126029, 40.708905]]]}, "properties": {"external_ref": "osm-way-278033585", "name": "86 Trinity Place"}}, {"type": "Feature", "geometry": {"type": "Polygon", "coordinates": [[[-74.0141091, 40.7099073], [-74.0140582, 40.7098958], [-74.0140209, 40.7099853], [-74.0140152, 40.7099994], [-74.0139743, 40.7101014], [-74.013943, 40.7100883], [-74.013814, 40.7100342], [-74.0137819, 40.7100207], [-74.0138132, 40.7099408], [-74.0138236, 40.7099138], [-74.0138348, 40.7098859], [-74.0138818, 40.7097655], [-74.0138948, 40.7097322], [-74.0139073, 40.7097006], [-74.0139389, 40.7096183], [-74.0139682, 40.7096102], [-74.0140651, 40.7096548], [-74.0141005, 40.7096711], [-74.0141326, 40.7096859], [-74.0141878, 40.7097113], [-74.0141119, 40.7099002], [-74.0141091, 40.7099073]]]}, "properties": {"external_ref": "osm-way-278033586", "name": "OSM 278033586"}}, {"type": "Feature", "geometry": {"type": "Polygon", "coordinates": [[[-74.0124773, 40.7102583], [-74.0124023, 40.7104598], [-74.0123108, 40.7107056], [-74.0122185, 40.7106658], [-74.0121829, 40.7106504], [-74.012145, 40.7107028], [-74.0121101, 40.7106879], [-74.0114307, 40.710396], [-74.0114848, 40.7103139], [-74.0117618, 40.7098937], [-74.0118191, 40.7099187], [-74.0118749, 40.709943], [-74.0124519, 40.7101887], [-74.0124641, 40.7101939], [-74.0124944, 40.7102077], [-74.0124773, 40.7102583]]]}, "properties": {"external_ref": "osm-way-278033587", "name": "150 Greenwich Street"}}, {"type": "Feature", "geometry": {"type": "Polygon", "coordinates": [[[-74.0151217, 40.7083058], [-74.015089, 40.7083879], [-74.0147842, 40.7082935], [-74.0148239, 40.7082001], [-74.01501, 40.7082661], [-74.0150926, 40.7082954], [-74.0151217, 40.7083058]]]}, "properties": {"external_ref": "osm-way-278033588", "name": "Frasch Building"}}, {"type": "Feature", "geometry": {"type": "Polygon", "coordinates": [[[-74.0144477, 40.7077978], [-74.014422, 40.7078641], [-74.0143412, 40.7080725], [-74.0143151, 40.7081396], [-74.0143057, 40.7081445], [-74.0142168, 40.7081165], [-74.014042, 40.7080615], [-74.0139556, 40.7080343], [-74.0138788, 40.7080101], [-74.0137221, 40.7079608], [-74.0137763, 40.7078382], [-74.0138095, 40.7077632], [-74.0138824, 40.7075985], [-74.0139192, 40.7076109], [-74.0139343, 40.7076164], [-74.0139588, 40.7076252], [-74.0140897, 40.7076716], [-74.0142486, 40.7077276], [-74.0144103, 40.7077846], [-74.0144477, 40.7077978]]]}, "properties": {"external_ref": "osm-way-278033589", "name": "88 Greenwich Street"}}, {"type": "Feature", "geometry": {"type": "Polygon", "coordinates": [[[-74.0124867, 40.7094975], [-74.0123404, 40.7094335], [-74.0120892, 40.7093236], [-74.0121953, 40.7091832], [-74.0122745, 40.7090784], [-74.0125281, 40.7091894], [-74.0125158, 40.7092057], [-74.0124814, 40.7092512], [-74.0124361, 40.7093112], [-74.0125799, 40.7093741], [-74.0125703, 40.7093869], [-74.0124867, 40.7094975]]]}, "properties": {"external_ref": "osm-way-278033590", "name": "100 Trinity Place"}}, {"type": "Feature", "geometry": {"type": "Polygon", "coordinates": [[[-74.0135573, 40.7083273], [-74.0138435, 40.7083987], [-74.013877, 40.7084071], [-74.0138464, 40.7084782], [-74.0137988, 40.7084663], [-74.0137732, 40.7085257], [-74.0135011, 40.7084578], [-74.0135458, 40.708354], [-74.0135573, 40.7083273]]]}, "properties": {"external_ref": "osm-way-278033591", "name": "102 Greenwich Street"}}, {"type": "Feature", "geometry": {"type": "Polygon", "coordinates": [[[-74.0138614, 40.7085007], [-74.0139045, 40.7084017], [-74.0138835, 40.7083967], [-74.0138972, 40.7083672], [-74.0139523, 40.7083804], [-74.013946, 40.7083949], [-74.0141076, 40.7084356], [-74.0141137, 40.7084214], [-74.0142126, 40.7084464], [-74.0141607, 40.7085751], [-74.013893, 40.7085086], [-74.0138614, 40.7085007]]]}, "properties": {"external_ref": "osm-way-278033592", "name": "105-107 Washington Street"}}, {"type": "Feature", "geometry": {"type": "Polygon", "coordinates": [[[-74.0135011, 40.7084578], [-74.0137732, 40.7085257], [-74.0137852, 40.7085287], [-74.0137538, 40.7086015], [-74.0134697, 40.7085307], [-74.0134853, 40.7084945], [-74.0135011, 40.7084578]]]}, "properties": {"external_ref": "osm-way-278033593", "name": "106 Greenwich Street"}}, {"type": "Feature", "geometry": {"type": "Polygon", "coordinates": [[[-74.0134385, 40.7086031], [-74.0134697, 40.7085307], [-74.0137538, 40.7086015], [-74.0137696, 40.7086055], [-74.0137384, 40.7086779], [-74.0137263, 40.7086749], [-74.0136567, 40.7086575], [-74.0135203, 40.7086235], [-74.0134385, 40.7086031]]]}, "properties": {"external_ref": "osm-way-278033594", "name": "108 Greenwich Street"}}, {"type": "Feature", "geometry": {"type": "Polygon", "coordinates": [[[-74.0141607, 40.7085751], [-74.0141324, 40.7086454], [-74.013863, 40.7085778], [-74.013893, 40.7085086], [-74.0141607, 40.7085751]]]}, "properties": {"external_ref": "osm-way-278033595", "name": "109 Washington Street"}}, {"type": "Feature", "geometry": {"type": "Polygon", "coordinates": [[[-74.0128039, 40.7085954], [-74.0127819, 40.7085864], [-74.0128455, 40.7084904], [-74.0131868, 40.7086205], [-74.0129952, 40.7090752], [-74.0126577, 40.7089288], [-74.0126029, 40.708905], [-74.0128039, 40.7085954]]]}, "properties": {"external_ref": "osm-way-278033596", "name": "113 Greenwich Street"}}, {"type": "Feature", "geometry": {"type": "Polygon", "coordinates": [[[-74.0135003, 40.7090879], [-74.0135053, 40.7090785], [-74.0135186, 40.7090838], [-74.0135519, 40.7090356], [-74.0137259, 40.709111], [-74.0138742, 40.7091741], [-74.0138668, 40.7091945], [-74.0139123, 40.7092056], [-74.0138529, 40.7093647], [-74.0138457, 40.7093716], [-74.013842, 40.709374], [-74.0138333, 40.7093773], [-74.0138237, 40.7093785], [-74.0138142, 40.7093774], [-74.0138096, 40.7093761], [-74.013654, 40.7093093], [-74.0136143, 40.7092923], [-74.0134238, 40.7092105], [-74.0134441, 40.7091794], [-74.0135003, 40.7090879]]]}, "properties": {"external_ref": "osm-way-278033597", "name": "8 Albany Street"}}, {"type": "Feature", "geometry": {"type": "Polygon", "coordinates": [[[-74.0125142, 40.7098374], [-74.0125356, 40.7097673], [-74.0125999, 40.7096559], [-74.0127085, 40.7097037], [-74.0125833, 40.7100056], [-74.0124357, 40.7099406], [-74.0125142, 40.7098374]]]}, "properties": {"external_ref": "osm-way-278033598", "name": "124 Liberty Street"}}, {"type": "Feature", "geometry": {"type": "Polygon", "coordinates": [[[-74.0136138, 40.7081962], [-74.0136192, 40.7081837], [-74.013635, 40.708147], [-74.0139367, 40.7082222], [-74.0139155, 40.7082715], [-74.0138999, 40.7082676], [-74.0136138, 40.7081962]]]}, "properties": {"external_ref": "osm-way-278033601", "name": "96 Greenwich Street"}}, {"type": "Feature", "geometry": {"type": "Polygon", "coordinates": [[[-74.0136138, 40.7081962], [-74.0138999, 40.7082676], [-74.0138435, 40.7083987], [-74.0135573, 40.7083273], [-74.0135694, 40.7082993], [-74.013602, 40.7082235], [-74.0136138, 40.7081962]]]}, "properties": {"external_ref": "osm-way-278033602", "name": "100 Greenwich Street"}}, {"type": "Feature", "geometry": {"type": "Polygon", "coordinates": [[[-74.0126577, 40.7089288], [-74.0125633, 40.7090549], [-74.0125562, 40.7090518], [-74.0125265, 40.7090914], [-74.0125189, 40.7090881], [-74.012497, 40.7091173], [-74.0123161, 40.7090388], [-74.0123365, 40.7090116], [-74.0123068, 40.7089987], [-74.0123571, 40.7089279], [-74.0124081, 40.7088562], [-74.0124479, 40.708872], [-74.012467, 40.7088461], [-74.0126029, 40.708905], [-74.0126577, 40.7089288]]]}, "properties": {"external_ref": "osm-way-278033603", "name": "90 Trinity Place"}}, {"type": "Feature", "geometry": {"type": "Polygon", "coordinates": [[[-74.0130307, 40.7116422], [-74.0129533, 40.711629], [-74.0128526, 40.7116118], [-74.0127711, 40.7115979], [-74.0127214, 40.7115978], [-74.0126573, 40.7115977], [-74.012614, 40.7115977], [-74.0126047, 40.7115977], [-74.0125736, 40.7115976], [-74.0125053, 40.7115939], [-74.0124566, 40.7115912], [-74.012389, 40.7115876], [-74.0123677, 40.7115866], [-74.0123483, 40.7115856], [-74.0123534, 40.7115724], [-74.0123599, 40.7115554], [-74.0123612, 40.711552], [-74.012367, 40.7115371], [-74.0123753, 40.7115154], [-74.0123816, 40.711499], [-74.0123877, 40.7114831], [-74.012396, 40.7114616], [-74.0124028, 40.7114438], [-74.0124096, 40.7114263], [-74.0124175, 40.7114055], [-74.0124247, 40.7113868], [-74.0124317, 40.7113686], [-74.0124397, 40.7113478], [-74.012447, 40.711329], [-74.0124546, 40.7113092], [-74.0124628, 40.7112877], [-74.0124697, 40.7112698], [-74.0125514, 40.7113001], [-74.0128719, 40.7114193], [-74.0130083, 40.7114851], [-74.0130023, 40.7115058], [-74.0129986, 40.7115189], [-74.0131352, 40.7115432], [-74.0131169, 40.7115615], [-74.0130984, 40.7115788], [-74.0130947, 40.7115822], [-74.0130825, 40.7115937], [-74.0130652, 40.7116099], [-74.0130466, 40.7116274], [-74.0130307, 40.7116422]]]}, "properties": {"external_ref": "osm-way-278033604", "name": "180 Greenwich Street"}}, {"type": "Feature", "geometry": {"type": "Polygon", "coordinates": [[[-74.0117815, 40.7118619], [-74.0117102, 40.7118398], [-74.0116232, 40.7118112], [-74.0115467, 40.7117841], [-74.0114765, 40.7117557], [-74.0114033, 40.711722], [-74.0113063, 40.7116734], [-74.0112208, 40.7116224], [-74.0111522, 40.7115722], [-74.0110746, 40.7115083], [-74.0110179, 40.7114538], [-74.0109621, 40.7113908], [-74.0109123, 40.7113255], [-74.0108971, 40.7113031], [-74.0108914, 40.7112844], [-74.0108913, 40.7112694], [-74.010898, 40.7112509], [-74.0109093, 40.7112334], [-74.0109237, 40.7112224], [-74.0109431, 40.7112142], [-74.010962, 40.7112084], [-74.0109864, 40.7112064], [-74.0110216, 40.7112107], [-74.0110854, 40.7112291], [-74.0111547, 40.7112512], [-74.0112303, 40.7112798], [-74.0113276, 40.711321], [-74.0114162, 40.7113641], [-74.0114993, 40.7114111], [-74.0116102, 40.7114848], [-74.0116875, 40.7115375], [-74.0117538, 40.7115918], [-74.0118212, 40.711649], [-74.0118824, 40.711707], [-74.0119396, 40.7117667], [-74.0119487, 40.711782], [-74.0119527, 40.7117997], [-74.0119529, 40.7118155], [-74.0119495, 40.7118288], [-74.0119435, 40.7118406], [-74.0119324, 40.7118518], [-74.0119181, 40.7118609], [-74.0119032, 40.7118682], [-74.0118838, 40.7118739], [-74.0118695, 40.7118769], [-74.0118555, 40.7118779], [-74.0118401, 40.7118768], [-74.0118248, 40.7118737], [-74.0117815, 40.7118619]]]}, "properties": {"external_ref": "osm-way-278033606", "name": "185 Greenwich Street"}}, {"type": "Feature", "geometry": {"type": "Polygon", "coordinates": [[[-74.0105433, 40.7121533], [-74.0106793, 40.711913], [-74.0106693, 40.7119103], [-74.0107108, 40.7118385], [-74.0110021, 40.711901], [-74.0113758, 40.7119812], [-74.0114699, 40.712011], [-74.0117496, 40.7121446], [-74.0115109, 40.7125151], [-74.0112179, 40.7124476], [-74.0111082, 40.7124114], [-74.0107963, 40.7122689], [-74.0105433, 40.7121533]]]}, "properties": {"external_ref": "osm-way-278033607", "name": "200 Greenwich Street"}}, {"type": "Feature", "geometry": {"type": "Polygon", "coordinates": [[[-74.0130679, 40.707854], [-74.0130838, 40.707859], [-74.0131504, 40.70788], [-74.0132097, 40.7078987], [-74.0132783, 40.7079203], [-74.0133641, 40.7079473], [-74.0134258, 40.7079667], [-74.0134577, 40.7079768], [-74.0134515, 40.7079911], [-74.0133065, 40.7083246], [-74.0132908, 40.7083202], [-74.0131523, 40.7082816], [-74.0129933, 40.7082378], [-74.0128579, 40.7081995], [-74.0128412, 40.7081948], [-74.0130205, 40.7079253], [-74.0130613, 40.707864], [-74.0130679, 40.707854]]]}, "properties": {"external_ref": "osm-way-278033608", "name": "2 Rector Street"}}, {"type": "Feature", "geometry": {"type": "Polygon", "coordinates": [[[-74.0119677, 40.7095671], [-74.0120734, 40.709425], [-74.0121065, 40.7094391], [-74.0121404, 40.7094536], [-74.0119371, 40.7097211], [-74.0119324, 40.7097273], [-74.0118951, 40.7097109], [-74.0118451, 40.7096889], [-74.011841, 40.7096799], [-74.0118397, 40.7096704], [-74.0119241, 40.7095484], [-74.0119677, 40.7095671]]]}, "properties": {"external_ref": "osm-way-278033609", "name": "106 Liberty Street"}}, {"type": "Feature", "geometry": {"type": "Polygon", "coordinates": [[[-74.0121605, 40.7096804], [-74.0122006, 40.709698], [-74.0122182, 40.7096749], [-74.012247, 40.709637], [-74.0122438, 40.7096356], [-74.0123215, 40.7095334], [-74.0124658, 40.7095969], [-74.0123881, 40.7096991], [-74.0123821, 40.7096964], [-74.0123339, 40.7097598], [-74.0123768, 40.7097786], [-74.0122993, 40.7098806], [-74.0120813, 40.7097846], [-74.0121605, 40.7096804]]]}, "properties": {"external_ref": "osm-way-278033611", "name": "OSM 278033611"}}, {"type": "Feature", "geometry": {"type": "Polygon", "coordinates": [[[-74.0123768, 40.7097786], [-74.0124218, 40.7097985], [-74.0124332, 40.7097835], [-74.0124052, 40.7097711], [-74.012442, 40.7097228], [-74.0123881, 40.7096991], [-74.0124658, 40.7095969], [-74.012567, 40.7096414], [-74.0125999, 40.7096559], [-74.0125356, 40.7097673], [-74.0124944, 40.7097491], [-74.0124491, 40.7098087], [-74.0125142, 40.7098374], [-74.0124357, 40.7099406], [-74.0122993, 40.7098806], [-74.0123768, 40.7097786]]]}, "properties": {"external_ref": "osm-way-278033612", "name": "OSM 278033612"}}, {"type": "Feature", "geometry": {"type": "Polygon", "coordinates": [[[-74.0134178, 40.7092203], [-74.0132696, 40.7091565], [-74.0132265, 40.7091379], [-74.0132183, 40.7091293], [-74.0132126, 40.7091176], [-74.0132154, 40.7091066], [-74.0133414, 40.7088343], [-74.0133517, 40.7088285], [-74.0133621, 40.7088268], [-74.0133754, 40.7088263], [-74.0135154, 40.708889], [-74.0135484, 40.7089038], [-74.0135455, 40.7089079], [-74.013474, 40.7090094], [-74.0134258, 40.7089988], [-74.0133994, 40.7090609], [-74.0135003, 40.7090879], [-74.0134441, 40.7091794], [-74.0134238, 40.7092105], [-74.0134178, 40.7092203]]]}, "properties": {"external_ref": "osm-way-278033613", "name": "120 Greenwich Street"}}, {"type": "Feature", "geometry": {"type": "Polygon", "coordinates": [[[-74.013824, 40.7119391], [-74.0138269, 40.711929], [-74.013832, 40.7119114], [-74.0138329, 40.7119083], [-74.0138384, 40.7118893], [-74.0138448, 40.7118673], [-74.0138505, 40.7118474], [-74.0138515, 40.7118439], [-74.0138573, 40.711824], [-74.0138636, 40.711802], [-74.0138676, 40.7117883], [-74.0138685, 40.711785], [-74.0138728, 40.7117701], [-74.0138791, 40.7117486], [-74.0138829, 40.7117352], [-74.0138839, 40.7117317], [-74.0138882, 40.7117171], [-74.0138946, 40.711695], [-74.0138984, 40.7116816], [-74.0138994, 40.7116783], [-74.0139037, 40.7116634], [-74.0139098, 40.7116424], [-74.0139103, 40.7116405], [-74.0140358, 40.7116933], [-74.0140353, 40.711695], [-74.0140291, 40.7117165], [-74.0140249, 40.711731], [-74.014024, 40.7117342], [-74.0140201, 40.7117479], [-74.0140138, 40.7117697], [-74.0140096, 40.7117841], [-74.0140085, 40.7117879], [-74.0140047, 40.7118011], [-74.0139984, 40.7118232], [-74.0139942, 40.7118377], [-74.0139931, 40.7118412], [-74.0139893, 40.7118546], [-74.0139829, 40.7118766], [-74.0139766, 40.7118985], [-74.013964, 40.7119422], [-74.0139581, 40.7119629], [-74.0139523, 40.7119829], [-74.0139495, 40.7119926], [-74.013824, 40.7119391]]]}, "properties": {"external_ref": "osm-way-278033615", "name": "OSM 278033615"}}, {"type": "Feature", "geometry": {"type": "Polygon", "coordinates": [[[-74.0125703, 40.7093869], [-74.0128068, 40.7094904], [-74.0127546, 40.7096186], [-74.0126205, 40.709558], [-74.0124867, 40.7094975], [-74.0125703, 40.7093869]]]}, "properties": {"external_ref": "osm-way-278033616", "name": "OSM 278033616"}}, {"type": "Feature", "geometry": {"type": "Polygon", "coordinates": [[[-74.0120297, 40.7094063], [-74.0120734, 40.709425], [-74.0119677, 40.7095671], [-74.0119241, 40.7095484], [-74.0119915, 40.7094577], [-74.0120297, 40.7094063]]]}, "properties": {"external_ref": "osm-way-278033620", "name": "OSM 278033620"}}, {"type": "Feature", "geometry": {"type": "Polygon", "coordinates": [[[-74.0136548, 40.7081016], [-74.013952, 40.7081868], [-74.0139367, 40.7082222], [-74.013635, 40.708147], [-74.0136548, 40.7081016]]]}, "properties": {"external_ref": "osm-way-278033621", "name": "OSM 278033621"}}, {"type": "Feature", "geometry": {"type": "Polygon", "coordinates": [[[-74.014031, 40.7115592], [-74.0139482, 40.7115245], [-74.0139678, 40.7114553], [-74.0139687, 40.7114523], [-74.0139922, 40.7113694], [-74.0140084, 40.7113121], [-74.0140871, 40.711346], [-74.0140899, 40.7113472], [-74.0140325, 40.7115538], [-74.014031, 40.7115592]]]}, "properties": {"external_ref": "osm-way-278033622", "name": "OSM 278033622"}}, {"type": "Feature", "geometry": {"type": "Polygon", "coordinates": [[[-74.0136548, 40.7081016], [-74.0136791, 40.7080472], [-74.0139996, 40.7081441], [-74.0139828, 40.7081804], [-74.0139766, 40.7081945], [-74.013952, 40.7081868], [-74.0136548, 40.7081016]]]}, "properties": {"external_ref": "osm-way-278033623", "name": "OSM 278033623"}}, {"type": "Feature", "geometry": {"type": "Polygon", "coordinates": [[[-74.0137263, 40.7086749], [-74.0137102, 40.7086964], [-74.013788, 40.7087235], [-74.0137342, 40.7087971], [-74.0137285, 40.7088048], [-74.0136842, 40.7088655], [-74.0136638, 40.7088567], [-74.0133816, 40.7087352], [-74.0134385, 40.7086031], [-74.0135203, 40.7086235], [-74.0136567, 40.7086575], [-74.0137263, 40.7086749]]]}, "properties": {"external_ref": "osm-way-278033624", "name": "OSM 278033624"}}, {"type": "Feature", "geometry": {"type": "Polygon", "coordinates": [[[-74.013294, 40.7102603], [-74.013293, 40.7102563], [-74.0132517, 40.7102413], [-74.0132468, 40.7102488], [-74.0131973, 40.7102285], [-74.0132035, 40.7102194], [-74.0131894, 40.710217], [-74.0131716, 40.7102138], [-74.0131531, 40.7102075], [-74.0131409, 40.7102011], [-74.0131323, 40.7101951], [-74.0131222, 40.7101861], [-74.0131072, 40.7101915], [-74.0130909, 40.7101842], [-74.0130443, 40.7101642], [-74.0130455, 40.710163], [-74.0130471, 40.7101608], [-74.0130737, 40.7101257], [-74.0130854, 40.7101255], [-74.0130854, 40.7101196], [-74.0130868, 40.7101087], [-74.0130935, 40.710096], [-74.0131012, 40.710084], [-74.0131103, 40.7100749], [-74.01312, 40.7100673], [-74.0131307, 40.7100606], [-74.013124, 40.7100543], [-74.013147, 40.7100218], [-74.0131932, 40.7100412], [-74.0131969, 40.7100535], [-74.0132088, 40.7100528], [-74.0132196, 40.710054], [-74.013237, 40.710058], [-74.0132514, 40.7100645], [-74.0132638, 40.7100706], [-74.013274, 40.7100799], [-74.0132817, 40.7100894], [-74.0132913, 40.710081], [-74.0133362, 40.7101016], [-74.0133285, 40.7101117], [-74.0133632, 40.7101277], [-74.0133765, 40.7101343], [-74.0133872, 40.7101346], [-74.0133982, 40.710141], [-74.0134042, 40.7101495], [-74.0134062, 40.7101592], [-74.0134035, 40.7101677], [-74.0133979, 40.7101737], [-74.013394, 40.7101757], [-74.0133936, 40.7101859], [-74.0133926, 40.7101967], [-74.013387, 40.7102067], [-74.0133801, 40.7102171], [-74.0133689, 40.7102268], [-74.0133565, 40.7102346], [-74.0133431, 40.710241], [-74.0133408, 40.7102498], [-74.0133382, 40.7102549], [-74.0133322, 40.7102598], [-74.0133216, 40.7102637], [-74.0133099, 40.7102643], [-74.013294, 40.7102603]]]}, "properties": {"external_ref": "osm-way-278033625", "name": "130 Liberty Street"}}, {"type": "Feature", "geometry": {"type": "Polygon", "coordinates": [[[-74.0141213, 40.7091555], [-74.0146448, 40.7093758], [-74.0146396, 40.7093935], [-74.014685, 40.7093945], [-74.0146592, 40.7094611], [-74.0146342, 40.7095268], [-74.0145831, 40.7096578], [-74.0145662, 40.7097014], [-74.014554, 40.7096961], [-74.0144138, 40.7096365], [-74.0140442, 40.7094776], [-74.0140009, 40.709459], [-74.0141213, 40.7091555]]]}, "properties": {"external_ref": "osm-way-278033626", "name": "85 West Street"}}, {"type": "Feature", "geometry": {"type": "Polygon", "coordinates": [[[-74.0128412, 40.7081948], [-74.0128579, 40.7081995], [-74.0129933, 40.7082378], [-74.0131523, 40.7082816], [-74.0133065, 40.7083246], [-74.0132416, 40.708485], [-74.0131868, 40.7086205], [-74.0128455, 40.7084904], [-74.0127819, 40.7085864], [-74.0126214, 40.7085208], [-74.0126976, 40.7084086], [-74.0127035, 40.7084003], [-74.0127058, 40.708397], [-74.0127099, 40.7083912], [-74.0127704, 40.7083007], [-74.0128412, 40.7081948]]]}, "properties": {"external_ref": "osm-way-278033628", "name": "76 Trinity Place"}}, {"type": "Feature", "geometry": {"type": "Polygon", "coordinates": [[[-74.0145815, 40.708825], [-74.0145524, 40.7088965], [-74.01475, 40.7089412], [-74.0148592, 40.7089659], [-74.0148272, 40.7090458], [-74.0147378, 40.7092659], [-74.0147235, 40.7093019], [-74.0147156, 40.7093077], [-74.0147102, 40.7093086], [-74.0145281, 40.7092304], [-74.0143544, 40.7091559], [-74.0142816, 40.7091247], [-74.0141569, 40.7090712], [-74.0141787, 40.7090159], [-74.0142574, 40.708812], [-74.0142798, 40.7087544], [-74.0143273, 40.7087655], [-74.0143556, 40.7087721], [-74.0143908, 40.7087804], [-74.0145815, 40.708825]]]}, "properties": {"external_ref": "osm-way-278033629", "name": "85 West Street"}}, {"type": "Feature", "geometry": {"type": "Polygon", "coordinates": [[[-74.0125189, 40.7090881], [-74.0125265, 40.7090914], [-74.0125562, 40.7090518], [-74.0125633, 40.7090549], [-74.0126577, 40.7089288], [-74.0129952, 40.7090752], [-74.0129064, 40.7092862], [-74.0129035, 40.7092872], [-74.012497, 40.7091173], [-74.0125189, 40.7090881]]]}, "properties": {"external_ref": "osm-way-278033630", "name": "125 Greenwich Street"}}, {"type": "Feature", "geometry": {"type": "Polygon", "coordinates": [[[-74.0143273, 40.7087655], [-74.0144292, 40.7085133], [-74.01437, 40.7084994], [-74.0144424, 40.7083208], [-74.0145517, 40.7083525], [-74.0150487, 40.7084971], [-74.0148873, 40.7088965], [-74.0145815, 40.708825], [-74.0143908, 40.7087804], [-74.0143556, 40.7087721], [-74.0143273, 40.7087655]]]}, "properties": {"external_ref": "osm-way-278033631", "name": "40 Rector Street"}}, {"type": "Feature", "geometry": {"type": "Polygon", "coordinates": [[[-74.0145748, 40.7081118], [-74.0145843, 40.7080963], [-74.0146737, 40.7079387], [-74.0147357, 40.7078263], [-74.0148096, 40.7078526], [-74.014965, 40.7079077], [-74.0150482, 40.7079371], [-74.0150956, 40.7079542], [-74.0151294, 40.7079659], [-74.0151823, 40.7079847], [-74.01501, 40.7082661], [-74.0148239, 40.7082001], [-74.0145748, 40.7081118]]]}, "properties": {"external_ref": "osm-way-278033632", "name": "90 Washington Street"}}, {"type": "Feature", "geometry": {"type": "Polygon", "coordinates": [[[-74.0145118, 40.7098298], [-74.014527, 40.7098589], [-74.0144457, 40.7100633], [-74.0143678, 40.7102593], [-74.014332, 40.7102711], [-74.013978, 40.7101167], [-74.013973, 40.7101044], [-74.0139743, 40.7101014], [-74.0140152, 40.7099994], [-74.0140209, 40.7099853], [-74.0142139, 40.7100302], [-74.0142529, 40.709933], [-74.0141119, 40.7099002], [-74.0141878, 40.7097113], [-74.0142183, 40.7097043], [-74.0145118, 40.7098298]]]}, "properties": {"external_ref": "osm-way-278033633", "name": "90 West Street"}}, {"type": "Feature", "geometry": {"type": "Polygon", "coordinates": [[[-74.0092562, 40.709871], [-74.0093527, 40.7097549], [-74.0093246, 40.7097415], [-74.0093426, 40.7097196], [-74.0093366, 40.7097168], [-74.009419, 40.7096176], [-74.0096574, 40.7097334], [-74.0096051, 40.7097964], [-74.0097677, 40.7098746], [-74.0096237, 40.7100479], [-74.0093898, 40.7099353], [-74.0093297, 40.7099064], [-74.0092562, 40.709871]]]}, "properties": {"external_ref": "osm-way-278039418", "name": "176 Broadway"}}, {"type": "Feature", "geometry": {"type": "Polygon", "coordinates": [[[-74.0103682, 40.7100615], [-74.0104356, 40.7100921], [-74.0102116, 40.710378], [-74.0101442, 40.7103475], [-74.0101927, 40.7102856], [-74.0102405, 40.7102246], [-74.0102846, 40.7101683], [-74.0103302, 40.71011], [-74.0103682, 40.7100615]]]}, "properties": {"external_ref": "osm-way-278039419", "name": "10 Cortlandt Street"}}, {"type": "Feature", "geometry": {"type": "Polygon", "coordinates": [[[-74.0091321, 40.7097047], [-74.0091079, 40.7096915], [-74.0091322, 40.7096656], [-74.0091447, 40.7096523], [-74.0092183, 40.7095741], [-74.0092521, 40.7095381], [-74.0092686, 40.7095206], [-74.009419, 40.7096176], [-74.0093366, 40.7097168], [-74.0092109, 40.7096483], [-74.009167, 40.7096949], [-74.0092489, 40.7097395], [-74.0092079, 40.7097831], [-74.0091323, 40.709742], [-74.0091118, 40.7097263], [-74.0091321, 40.7097047]]]}, "properties": {"external_ref": "osm-way-278039420", "name": "11 Maiden Lane"}}, {"type": "Feature", "geometry": {"type": "Polygon", "coordinates": [[[-74.0104356, 40.7100921], [-74.0105197, 40.7101302], [-74.0104433, 40.7102279], [-74.010296, 40.7104163], [-74.0102116, 40.710378], [-74.0104356, 40.7100921]]]}, "properties": {"external_ref": "osm-way-278039421", "name": "12 Cortlandt Street"}}, {"type": "Feature", "geometry": {"type": "Polygon", "coordinates": [[[-74.0090879, 40.7097124], [-74.0091118, 40.7097263], [-74.0091292, 40.7097489], [-74.0091022, 40.7097766], [-74.009212, 40.7098406], [-74.0092066, 40.7098471], [-74.0091242, 40.7099457], [-74.0091235, 40.7099463], [-74.0090461, 40.7098927], [-74.0089831, 40.7098491], [-74.0090879, 40.7097124]]]}, "properties": {"external_ref": "osm-way-278039422", "name": "12 John Street"}}, {"type": "Feature", "geometry": {"type": "Polygon", "coordinates": [[[-74.0084157, 40.7101197], [-74.0084899, 40.7101574], [-74.0082697, 40.7104107], [-74.0081942, 40.7103739], [-74.0082039, 40.7103628], [-74.0083032, 40.7102488], [-74.0083234, 40.7102256], [-74.0084021, 40.7101353], [-74.0084157, 40.7101197]]]}, "properties": {"external_ref": "osm-way-278039423", "name": "138 Fulton Street"}}, {"type": "Feature", "geometry": {"type": "Polygon", "coordinates": [[[-74.0086453, 40.710237], [-74.0087283, 40.7102778], [-74.0087475, 40.7102873], [-74.0086178, 40.7104367], [-74.0085429, 40.7105229], [-74.0085295, 40.7105397], [-74.0084276, 40.7104908], [-74.0086453, 40.710237]]]}, "properties": {"external_ref": "osm-way-278039426", "name": "144 Fulton Street"}}, {"type": "Feature", "geometry": {"type": "Polygon", "coordinates": [[[-74.008895, 40.7099482], [-74.00897, 40.7100005], [-74.0089231, 40.7100541], [-74.0088671, 40.710118], [-74.0088077, 40.7101864], [-74.0087283, 40.7102778], [-74.0086453, 40.710237], [-74.0086918, 40.7101819], [-74.0087525, 40.7101121], [-74.0088176, 40.7100372], [-74.0088792, 40.7099664], [-74.008895, 40.7099482]]]}, "properties": {"external_ref": "osm-way-278039427", "name": "15 John Street"}}, {"type": "Feature", "geometry": {"type": "Polygon", "coordinates": [[[-74.0084157, 40.7101197], [-74.00849, 40.7100329], [-74.0085821, 40.7099269], [-74.0086218, 40.7098812], [-74.0086752, 40.7098199], [-74.0086886, 40.7098045], [-74.0087402, 40.7098404], [-74.0088434, 40.7099123], [-74.008895, 40.7099482], [-74.0088792, 40.7099664], [-74.0088176, 40.7100372], [-74.0087525, 40.7101121], [-74.0086918, 40.7101819], [-74.0086453, 40.710237], [-74.0084899, 40.7101574], [-74.0084157, 40.7101197]]]}, "properties": {"external_ref": "osm-way-278039428", "name": "17 John Street"}}, {"type": "Feature", "geometry": {"type": "Polygon", "coordinates": [[[-74.0100143, 40.7099668], [-74.0103302, 40.71011], [-74.0102846, 40.7101683], [-74.0099673, 40.7100244], [-74.0100143, 40.7099668]]]}, "properties": {"external_ref": "osm-way-278039429", "name": "175 Broadway"}}, {"type": "Feature", "geometry": {"type": "Polygon", "coordinates": [[[-74.0099673, 40.7100244], [-74.0102846, 40.7101683], [-74.0102405, 40.7102246], [-74.0099218, 40.7100802], [-74.0099673, 40.7100244]]]}, "properties": {"external_ref": "osm-way-278039430", "name": "177 Broadway"}}, {"type": "Feature", "geometry": {"type": "Polygon", "coordinates": [[[-74.0099218, 40.7100802], [-74.0102405, 40.7102246], [-74.0101927, 40.7102856], [-74.0098726, 40.7101406], [-74.0099218, 40.7100802]]]}, "properties": {"external_ref": "osm-way-278039431", "name": "179 Broadway"}}, {"type": "Feature", "geometry": {"type": "Polygon", "coordinates": [[[-74.0098224, 40.7102021], [-74.0098302, 40.7101925], [-74.0098726, 40.7101406], [-74.0101927, 40.7102856], [-74.0101442, 40.7103475], [-74.0098224, 40.7102021]]]}, "properties": {"external_ref": "osm-way-278039432", "name": "181 Broadway"}}, {"type": "Feature", "geometry": {"type": "Polygon", "coordinates": [[[-74.0089972, 40.7095921], [-74.0090679, 40.7096306], [-74.008917, 40.7098007], [-74.0088505, 40.7097537], [-74.0089972, 40.7095921]]]}, "properties": {"external_ref": "osm-way-278039435", "name": "20 John Street"}}, {"type": "Feature", "geometry": {"type": "Polygon", "coordinates": [[[-74.0089826, 40.7092585], [-74.0090925, 40.709369], [-74.0090946, 40.7093711], [-74.0089473, 40.7095319], [-74.0088132, 40.7094386], [-74.0088455, 40.7094042], [-74.0089805, 40.7092608], [-74.0089826, 40.7092585]]]}, "properties": {"external_ref": "osm-way-278039436", "name": "21 Maiden Lane"}}, {"type": "Feature", "geometry": {"type": "Polygon", "coordinates": [[[-74.0088132, 40.7094386], [-74.0089473, 40.7095319], [-74.0089268, 40.7095543], [-74.0087859, 40.7097081], [-74.0086531, 40.7096113], [-74.0088132, 40.7094386]]]}, "properties": {"external_ref": "osm-way-278039437", "name": "24 John Street"}}, {"type": "Feature", "geometry": {"type": "Polygon", "coordinates": [[[-74.0082939, 40.7090436], [-74.0081188, 40.7092123], [-74.0080632, 40.7091732], [-74.0080059, 40.7091329], [-74.0081766, 40.7089682], [-74.0082815, 40.7090355], [-74.0082939, 40.7090436]]]}, "properties": {"external_ref": "osm-way-278039438", "name": "44 John Street"}}, {"type": "Feature", "geometry": {"type": "Polygon", "coordinates": [[[-74.0086689, 40.709358], [-74.008699, 40.7093275], [-74.0088455, 40.7094042], [-74.0088132, 40.7094386], [-74.0086689, 40.709358]]]}, "properties": {"external_ref": "osm-way-278039439", "name": "63 Nassau Street"}}, {"type": "Feature", "geometry": {"type": "Polygon", "coordinates": [[[-74.0080312, 40.7100083], [-74.0083236, 40.7101755], [-74.0082919, 40.7102076], [-74.0083234, 40.7102256], [-74.0083032, 40.7102488], [-74.0082593, 40.7102237], [-74.0082156, 40.7101987], [-74.0080832, 40.710123], [-74.0079769, 40.7100622], [-74.0080026, 40.7100367], [-74.0080312, 40.7100083]]]}, "properties": {"external_ref": "osm-way-278039444", "name": "85 Nassau Street"}}, {"type": "Feature", "geometry": {"type": "Polygon", "coordinates": [[[-74.010148, 40.711229], [-74.0100867, 40.7112011], [-74.0099447, 40.7111366], [-74.0099374, 40.7111457], [-74.0099109, 40.7111336], [-74.0100254, 40.7109899], [-74.0102548, 40.711095], [-74.0103698, 40.7109507], [-74.0105223, 40.7110205], [-74.0104297, 40.7111368], [-74.0105105, 40.7111738], [-74.0104827, 40.7112086], [-74.0104549, 40.7112436], [-74.010374, 40.7112066], [-74.010292, 40.7113095], [-74.0102471, 40.7112887], [-74.0101977, 40.7112657], [-74.0101398, 40.7112389], [-74.010148, 40.711229]]]}, "properties": {"external_ref": "osm-way-278039445", "name": "55 Church Street"}}, {"type": "Feature", "geometry": {"type": "Polygon", "coordinates": [[[-74.0106395, 40.709384], [-74.0110078, 40.7095491], [-74.0113695, 40.7097117], [-74.011315, 40.7097814], [-74.0111214, 40.7100293], [-74.0110746, 40.7100892], [-74.0107168, 40.7099287], [-74.0103445, 40.7097617], [-74.0103946, 40.7096976], [-74.0106395, 40.709384]]]}, "properties": {"external_ref": "osm-way-278039446", "name": "165 Broadway"}}, {"type": "Feature", "geometry": {"type": "Polygon", "coordinates": [[[-74.0111862, 40.7086169], [-74.0111831, 40.7086049], [-74.0111791, 40.7085893], [-74.0112287, 40.708523], [-74.0112866, 40.7084458], [-74.0121059, 40.7087986], [-74.0120524, 40.7088701], [-74.0119844, 40.7089608], [-74.0111862, 40.7086169]]]}, "properties": {"external_ref": "osm-way-278039447", "name": "One Trinity Centre"}}, {"type": "Feature", "geometry": {"type": "Polygon", "coordinates": [[[-74.0111028, 40.7086791], [-74.0119514, 40.7090569], [-74.0119179, 40.7091001], [-74.0118926, 40.7091328], [-74.0118654, 40.7091679], [-74.0118417, 40.7091985], [-74.0109931, 40.7088208], [-74.0110455, 40.7087531], [-74.0111028, 40.7086791]]]}, "properties": {"external_ref": "osm-way-278039448", "name": "115 Broadway"}}, {"type": "Feature", "geometry": {"type": "Polygon", "coordinates": [[[-74.0083032, 40.7102488], [-74.0082039, 40.7103628], [-74.0078673, 40.7102021], [-74.0078611, 40.7101982], [-74.0078589, 40.7101957], [-74.0078573, 40.7101929], [-74.0078561, 40.7101869], [-74.0078579, 40.7101809], [-74.0078598, 40.7101783], [-74.007961, 40.710078], [-74.0079769, 40.7100622], [-74.0080832, 40.710123], [-74.0082156, 40.7101987], [-74.0082593, 40.7102237], [-74.0083032, 40.7102488]]]}, "properties": {"external_ref": "osm-way-278039449", "name": "87 Nassau Street"}}, {"type": "Feature", "geometry": {"type": "Polygon", "coordinates": [[[-74.0094919, 40.7102086], [-74.0092296, 40.7100211], [-74.009178, 40.7099842], [-74.0091242, 40.7099457], [-74.0092066, 40.7098471], [-74.0092562, 40.709871], [-74.0093297, 40.7099064], [-74.0093898, 40.7099353], [-74.0096237, 40.7100479], [-74.0095961, 40.7100815], [-74.0094919, 40.7102086]]]}, "properties": {"external_ref": "osm-way-278039450", "name": "182 Broadway"}}, {"type": "Feature", "geometry": {"type": "Polygon", "coordinates": [[[-74.0090679, 40.7096306], [-74.0089972, 40.7095921], [-74.0088505, 40.7097537], [-74.0087859, 40.7097081], [-74.0089268, 40.7095543], [-74.0089473, 40.7095319], [-74.0090946, 40.7093711], [-74.0091222, 40.7093969], [-74.0091792, 40.7094475], [-74.0092084, 40.7094722], [-74.0092686, 40.7095206], [-74.0092521, 40.7095381], [-74.0092183, 40.7095741], [-74.0091447, 40.7096523], [-74.0091322, 40.7096656], [-74.0090948, 40.7096453], [-74.0090472, 40.7096964], [-74.0090879, 40.7097124], [-74.0089831, 40.7098491], [-74.0089598, 40.709832], [-74.008917, 40.7098007], [-74.0090679, 40.7096306]]]}, "properties": {"external_ref": "osm-way-278039451", "name": "OSM 278039451"}}, {"type": "Feature", "geometry": {"type": "Polygon", "coordinates": [[[-74.0078218, 40.7086393], [-74.0079255, 40.7085375], [-74.0079857, 40.7084785], [-74.0082133, 40.7086118], [-74.0083371, 40.7086842], [-74.0082953, 40.7087252], [-74.0083653, 40.7087673], [-74.0084541, 40.7088174], [-74.0084701, 40.7088271], [-74.0084854, 40.7088364], [-74.0084101, 40.7089101], [-74.0083494, 40.7089694], [-74.0083349, 40.7089836], [-74.0082795, 40.7089511], [-74.0082968, 40.7089341], [-74.0082439, 40.7089031], [-74.0081885, 40.7088707], [-74.0081266, 40.7089315], [-74.0079856, 40.708849], [-74.008015, 40.7088202], [-74.0077786, 40.7086818], [-74.0078218, 40.7086393]]]}, "properties": {"external_ref": "osm-way-278039452", "name": "59 Maiden Lane"}}, {"type": "Feature", "geometry": {"type": "Polygon", "coordinates": [[[-74.0123598, 40.7082676], [-74.0123416, 40.7082901], [-74.0121325, 40.7081925], [-74.0120887, 40.708172], [-74.0121242, 40.7081287], [-74.0119759, 40.7080587], [-74.0119404, 40.7081019], [-74.0119328, 40.708098], [-74.0119086, 40.7080868], [-74.011872, 40.7080698], [-74.011875, 40.7080661], [-74.0118903, 40.7080472], [-74.0119022, 40.7080325], [-74.011907, 40.7080265], [-74.0119082, 40.708025], [-74.0119415, 40.7079847], [-74.011802, 40.7079196], [-74.0118457, 40.7078657], [-74.011887, 40.707815], [-74.0120189, 40.7078766], [-74.0120627, 40.7078241], [-74.0120956, 40.7077831], [-74.0121775, 40.7078209], [-74.0121388, 40.7078698], [-74.0122874, 40.7079388], [-74.012302, 40.7079212], [-74.0123667, 40.7078405], [-74.0126294, 40.7079616], [-74.0125647, 40.7080423], [-74.0125441, 40.7080328], [-74.0124153, 40.7081921], [-74.0124507, 40.7082084], [-74.0124105, 40.7082585], [-74.0124529, 40.7082782], [-74.0124487, 40.7082845], [-74.0124426, 40.708293], [-74.0124363, 40.7083018], [-74.0124274, 40.7083158], [-74.0124204, 40.7083269], [-74.0123928, 40.7083161], [-74.0124107, 40.708291], [-74.0123598, 40.7082676]]]}, "properties": {"external_ref": "osm-way-278039453", "name": "Trinity Church"}}, {"type": "Feature", "geometry": {"type": "Polygon", "coordinates": [[[-74.0100533, 40.7099189], [-74.0103682, 40.7100615], [-74.0103302, 40.71011], [-74.0100143, 40.7099668], [-74.0100533, 40.7099189]]]}, "properties": {"external_ref": "osm-way-278039454", "name": "OSM 278039454"}}, {"type": "Feature", "geometry": {"type": "Polygon", "coordinates": [[[-74.0088658, 40.7091649], [-74.0088953, 40.7091622], [-74.0089805, 40.7092608], [-74.0088455, 40.7094042], [-74.008699, 40.7093275], [-74.0088658, 40.7091649]]]}, "properties": {"external_ref": "osm-way-278039456", "name": "OSM 278039456"}}, {"type": "Feature", "geometry": {"type": "Polygon", "coordinates": [[[-74.007084, 40.7080724], [-74.007455, 40.7083039], [-74.0074539, 40.7083672], [-74.0074537, 40.7084346], [-74.0072702, 40.7086049], [-74.0069527, 40.708406], [-74.0068796, 40.7083611], [-74.0068871, 40.7083505], [-74.0069001, 40.7083321], [-74.0069126, 40.7083122], [-74.0070159, 40.7081683], [-74.0070436, 40.7081293], [-74.0070562, 40.7081115], [-74.007071, 40.7080907], [-74.007084, 40.7080724]]]}, "properties": {"external_ref": "osm-way-278039457", "name": "100 William Street"}}, {"type": "Feature", "geometry": {"type": "Polygon", "coordinates": [[[-74.00897, 40.7100005], [-74.0090326, 40.7100455], [-74.0092834, 40.7102256], [-74.0093497, 40.7102732], [-74.0093784, 40.7102939], [-74.0094055, 40.7103133], [-74.0093634, 40.710364], [-74.0092862, 40.7103272], [-74.0090601, 40.7102143], [-74.0090106, 40.7101896], [-74.0088671, 40.710118], [-74.0089231, 40.7100541], [-74.00897, 40.7100005]]]}, "properties": {"external_ref": "osm-way-278039458", "name": "13 John Street"}}, {"type": "Feature", "geometry": {"type": "Polygon", "coordinates": [[[-74.008423, 40.7096196], [-74.0085584, 40.7097139], [-74.0086886, 40.7098045], [-74.0086752, 40.7098199], [-74.0086218, 40.7098812], [-74.0085037, 40.7097931], [-74.0084622, 40.7098286], [-74.0083115, 40.7097302], [-74.0083605, 40.7096816], [-74.008423, 40.7096196]]]}, "properties": {"external_ref": "osm-way-278039459", "name": "OSM 278039459"}}, {"type": "Feature", "geometry": {"type": "Polygon", "coordinates": [[[-74.0096051, 40.7097964], [-74.0096574, 40.7097334], [-74.009828, 40.709817], [-74.0097778, 40.7098795], [-74.0097677, 40.7098746], [-74.0096051, 40.7097964]]]}, "properties": {"external_ref": "osm-way-278039460", "name": "OSM 278039460"}}, {"type": "Feature", "geometry": {"type": "Polygon", "coordinates": [[[-74.0106511, 40.7106226], [-74.0106284, 40.7106119], [-74.010658, 40.710574], [-74.0106669, 40.7105626], [-74.0107033, 40.7105161], [-74.0107122, 40.7105048], [-74.010749, 40.7104583], [-74.0107579, 40.7104469], [-74.0107844, 40.7104129], [-74.0107936, 40.7104013], [-74.0108025, 40.7103899], [-74.0108138, 40.7103748], [-74.0108394, 40.7103422], [-74.0108781, 40.7102928], [-74.0109258, 40.7103145], [-74.0109954, 40.710346], [-74.011043, 40.7103676], [-74.0106955, 40.7108893], [-74.0106369, 40.7108627], [-74.010567, 40.710831], [-74.0105082, 40.7108043], [-74.0105369, 40.7107678], [-74.0105584, 40.7107405], [-74.0105884, 40.7107023], [-74.0106511, 40.7106226]]]}, "properties": {"external_ref": "osm-way-278039461", "name": "OSM 278039461"}}, {"type": "Feature", "geometry": {"type": "Polygon", "coordinates": [[[-74.0088132, 40.7094386], [-74.0086531, 40.7096113], [-74.0085171, 40.7095213], [-74.0086689, 40.709358], [-74.0088132, 40.7094386]]]}, "properties": {"external_ref": "osm-way-278039463", "name": "OSM 278039463"}}, {"type": "Feature", "geometry": {"type": "Polygon", "coordinates": [[[-74.0082815, 40.7090355], [-74.0083349, 40.7089836], [-74.0083494, 40.7089694], [-74.0084101, 40.7089101], [-74.0084854, 40.7088364], [-74.0084912, 40.7088318], [-74.0084981, 40.7088284], [-74.0085034, 40.7088267], [-74.0085139, 40.7088254], [-74.0085223, 40.7088261], [-74.0085302, 40.7088282], [-74.0085343, 40.7088299], [-74.0085386, 40.7088324], [-74.008543, 40.708836], [-74.0085471, 40.708841], [-74.0085496, 40.7088461], [-74.0085507, 40.7088533], [-74.0085495, 40.7088599], [-74.0085464, 40.708866], [-74.0085861, 40.7088851], [-74.0086127, 40.708898], [-74.0086334, 40.7089079], [-74.0086457, 40.7089139], [-74.0086562, 40.7089109], [-74.0086663, 40.7089103], [-74.0086726, 40.7089108], [-74.0086818, 40.7089135], [-74.0086873, 40.7089161], [-74.0086932, 40.7089206], [-74.0086969, 40.7089249], [-74.0087, 40.7089312], [-74.0087013, 40.7089376], [-74.0086998, 40.7089445], [-74.0086966, 40.7089507], [-74.0086949, 40.7089526], [-74.0087277, 40.7089919], [-74.0087602, 40.7090309], [-74.0087641, 40.7090303], [-74.0087729, 40.7090304], [-74.0087813, 40.7090321], [-74.008789, 40.7090352], [-74.0087968, 40.7090407], [-74.0088003, 40.7090452], [-74.0088033, 40.7090514], [-74.0088042, 40.709058], [-74.008803, 40.7090646], [-74.0087998, 40.7090708], [-74.0087947, 40.7090761], [-74.0087881, 40.7090805], [-74.0087803, 40.7090835], [-74.0087718, 40.709085], [-74.0087631, 40.7090849], [-74.0086836, 40.7091637], [-74.0086873, 40.7091681], [-74.0086903, 40.7091743], [-74.0086914, 40.709181], [-74.0086902, 40.7091876], [-74.0086869, 40.7091939], [-74.0086819, 40.7091992], [-74.0086752, 40.7092036], [-74.0086672, 40.7092066], [-74.0086586, 40.7092081], [-74.0086498, 40.7092079], [-74.008641, 40.7092061], [-74.0085694, 40.7092771], [-74.0085731, 40.7092816], [-74.008576, 40.7092879], [-74.0085769, 40.7092943], [-74.0085756, 40.7093008], [-74.0085724, 40.7093069], [-74.0085671, 40.7093125], [-74.0085608, 40.7093166], [-74.0085527, 40.7093197], [-74.0085443, 40.7093211], [-74.0085359, 40.709321], [-74.008527, 40.7093192], [-74.0084522, 40.7093934], [-74.0084571, 40.7093998], [-74.0084586, 40.7094035], [-74.0084597, 40.7094108], [-74.0084582, 40.709418], [-74.0084543, 40.7094247], [-74.0084481, 40.7094303], [-74.0084443, 40.7094327], [-74.0084356, 40.7094361], [-74.0084259, 40.7094376], [-74.0084155, 40.709437], [-74.0084058, 40.7094342], [-74.0084014, 40.709432], [-74.0083942, 40.7094264], [-74.0083893, 40.7094193], [-74.0083873, 40.7094113], [-74.0083884, 40.7094032], [-74.0083028, 40.7093423], [-74.0082288, 40.7092892], [-74.0082219, 40.7092917], [-74.0082133, 40.7092932], [-74.0082045, 40.709293], [-74.0081957, 40.7092911], [-74.0081885, 40.7092881], [-74.0081824, 40.7092839], [-74.0081775, 40.7092783], [-74.0081748, 40.7092729], [-74.0081736, 40.7092668], [-74.0081742, 40.7092605], [-74.0081762, 40.7092555], [-74.0081831, 40.7092472], [-74.008281, 40.7091507], [-74.0083437, 40.7090885], [-74.0082939, 40.7090436], [-74.0082815, 40.7090355]]]}, "properties": {"external_ref": "osm-way-278039464", "name": "33 Maiden Lane"}}, {"type": "Feature", "geometry": {"type": "Polygon", "coordinates": [[[-74.0102548, 40.711095], [-74.0100254, 40.7109899], [-74.0099109, 40.7111336], [-74.0098859, 40.7111649], [-74.009877, 40.7111761], [-74.0093928, 40.7109548], [-74.0092501, 40.7108891], [-74.0094957, 40.710581], [-74.0095387, 40.710527], [-74.010395, 40.7109191], [-74.0103698, 40.7109507], [-74.0102548, 40.711095]]]}, "properties": {"external_ref": "osm-way-278039465", "name": "195 Broadway"}}, {"type": "Feature", "geometry": {"type": "Polygon", "coordinates": [[[-74.0105197, 40.7101302], [-74.0105347, 40.7101371], [-74.0105885, 40.7101613], [-74.0106034, 40.7101683], [-74.010657, 40.7101924], [-74.0106719, 40.7101993], [-74.0107258, 40.7102236], [-74.0107407, 40.7102305], [-74.0107944, 40.7102548], [-74.0108093, 40.7102617], [-74.0108632, 40.710286], [-74.0108781, 40.7102928], [-74.0108394, 40.7103422], [-74.0108138, 40.7103748], [-74.0108025, 40.7103899], [-74.0107936, 40.7104013], [-74.0107844, 40.7104129], [-74.0107579, 40.7104469], [-74.010749, 40.7104583], [-74.0107122, 40.7105048], [-74.0107033, 40.7105161], [-74.0106669, 40.7105626], [-74.010658, 40.710574], [-74.0106284, 40.7106119], [-74.0106511, 40.7106226], [-74.0105884, 40.7107023], [-74.0105584, 40.7107405], [-74.0105369, 40.7107678], [-74.0105082, 40.7108043], [-74.010471, 40.7107874], [-74.0104171, 40.710763], [-74.010402, 40.7107562], [-74.0103481, 40.7107317], [-74.0103331, 40.7107249], [-74.0102795, 40.7107006], [-74.0102645, 40.7106938], [-74.0102107, 40.7106694], [-74.0101957, 40.7106626], [-74.0101422, 40.7106383], [-74.0101269, 40.710631], [-74.0102088, 40.7105271], [-74.010296, 40.7104163], [-74.0104433, 40.7102279], [-74.0105197, 40.7101302]]]}, "properties": {"external_ref": "osm-way-278039466", "name": "22 Cortlandt Street"}}, {"type": "Feature", "geometry": {"type": "Polygon", "coordinates": [[[-74.0110554, 40.7077323], [-74.0111305, 40.7077702], [-74.0111799, 40.7077951], [-74.0111971, 40.7078038], [-74.0112631, 40.7078371], [-74.0113478, 40.7078799], [-74.0113576, 40.7078848], [-74.0114138, 40.7079132], [-74.0114193, 40.707916], [-74.0112807, 40.7080762], [-74.0111671, 40.7082075], [-74.0108443, 40.7080135], [-74.0108079, 40.7079916], [-74.0108343, 40.7079639], [-74.0109124, 40.7078821], [-74.0110554, 40.7077323]]]}, "properties": {"external_ref": "osm-way-278042226", "name": "100 Broadway"}}, {"type": "Feature", "geometry": {"type": "Polygon", "coordinates": [[[-74.0082784, 40.7078074], [-74.0090765, 40.7084719], [-74.0092684, 40.7086317], [-74.0089175, 40.7089244], [-74.0088641, 40.7089214], [-74.0086279, 40.7086295], [-74.008583, 40.708574], [-74.0085041, 40.7084766], [-74.0081101, 40.7079897], [-74.0081056, 40.7079673], [-74.0082531, 40.707808], [-74.0082784, 40.7078074]]]}, "properties": {"external_ref": "osm-way-278042228", "name": "33 Liberty Street"}}, {"type": "Feature", "geometry": {"type": "Polygon", "coordinates": [[[-74.0094331, 40.7091841], [-74.0094876, 40.7092124], [-74.009337, 40.7093805], [-74.0092909, 40.7093429], [-74.0093658, 40.7092592], [-74.0094331, 40.7091841]]]}, "properties": {"external_ref": "osm-way-278042230", "name": "14 Maiden Lane"}}, {"type": "Feature", "geometry": {"type": "Polygon", "coordinates": [[[-74.0103425, 40.706551], [-74.0103657, 40.7065155], [-74.010302, 40.7064931], [-74.0104133, 40.7064097], [-74.0104382, 40.706377], [-74.0103708, 40.7063508], [-74.0103921, 40.7063155], [-74.0105218, 40.7061005], [-74.0108841, 40.7062375], [-74.0109393, 40.7062583], [-74.0110088, 40.7062846], [-74.0107588, 40.7066975], [-74.0103425, 40.706551]]]}, "properties": {"external_ref": "osm-way-278042231", "name": "15 Broad Street"}}, {"type": "Feature", "geometry": {"type": "Polygon", "coordinates": [[[-74.0099872, 40.7094189], [-74.0099012, 40.7093743], [-74.0098851, 40.7093922], [-74.0097836, 40.7093396], [-74.0097717, 40.7093334], [-74.0098108, 40.7092898], [-74.0098627, 40.7092319], [-74.0099224, 40.7092629], [-74.0099745, 40.7092899], [-74.0101103, 40.7093604], [-74.0101352, 40.7093729], [-74.0101577, 40.709385], [-74.0101783, 40.7093957], [-74.0100679, 40.7095188], [-74.0099517, 40.7094584], [-74.0099872, 40.7094189]]]}, "properties": {"external_ref": "osm-way-278042232", "name": "160 Broadway"}}, {"type": "Feature", "geometry": {"type": "Polygon", "coordinates": [[[-74.0091432, 40.7090637], [-74.0091647, 40.7090736], [-74.0091995, 40.7090348], [-74.0092263, 40.70905], [-74.0091634, 40.7091109], [-74.0091056, 40.709167], [-74.009071, 40.7091282], [-74.0091345, 40.7090715], [-74.0091432, 40.7090637]]]}, "properties": {"external_ref": "osm-way-278042234", "name": "22 Maiden Lane"}}, {"type": "Feature", "geometry": {"type": "Polygon", "coordinates": [[[-74.010206, 40.7066792], [-74.0103425, 40.706551], [-74.0107588, 40.7066975], [-74.0106687, 40.7068476], [-74.010639, 40.7068972], [-74.0106365, 40.7069013], [-74.0106355, 40.7069025], [-74.0105299, 40.7069201], [-74.0105275, 40.7069195], [-74.0105225, 40.706916], [-74.0104679, 40.7068771], [-74.0102293, 40.7067076], [-74.0102382, 40.7067003], [-74.010206, 40.7066792]]]}, "properties": {"external_ref": "osm-way-278042235", "name": "23 Wall Street"}}, {"type": "Feature", "geometry": {"type": "Polygon", "coordinates": [[[-74.0103311, 40.7070153], [-74.0103172, 40.7070293], [-74.0100727, 40.7072742], [-74.0098407, 40.7071437], [-74.0099742, 40.7070097], [-74.0100655, 40.7069181], [-74.0100908, 40.7068926], [-74.0101041, 40.7068793], [-74.0103311, 40.7070153]]]}, "properties": {"external_ref": "osm-way-278042236", "name": "OSM 278042236"}}, {"type": "Feature", "geometry": {"type": "Polygon", "coordinates": [[[-74.0100126, 40.7064301], [-74.0100573, 40.7064596], [-74.0102349, 40.7063041], [-74.0102452, 40.7063109], [-74.0103154, 40.7063573], [-74.0103435, 40.7063327], [-74.0103708, 40.7063508], [-74.0104382, 40.706377], [-74.0104133, 40.7064097], [-74.0103833, 40.7063975], [-74.0103624, 40.7064158], [-74.0103216, 40.7064516], [-74.0102477, 40.7065164], [-74.0102346, 40.7065077], [-74.0101108, 40.706616], [-74.0100905, 40.7066323], [-74.0099279, 40.7065223], [-74.0099412, 40.7065078], [-74.0099663, 40.7064805], [-74.0100037, 40.7064398], [-74.0100126, 40.7064301]]]}, "properties": {"external_ref": "osm-way-278042237", "name": "37 Wall Street"}}, {"type": "Feature", "geometry": {"type": "Polygon", "coordinates": [[[-74.0093265, 40.7091288], [-74.0094408, 40.709013], [-74.009692, 40.7091434], [-74.009768, 40.7091828], [-74.0097281, 40.7092305], [-74.0097506, 40.7092422], [-74.0096854, 40.709315], [-74.0094876, 40.7092124], [-74.0094331, 40.7091841], [-74.0093265, 40.7091288]]]}, "properties": {"external_ref": "osm-way-278042238", "name": "4 Liberty Place"}}, {"type": "Feature", "geometry": {"type": "Polygon", "coordinates": [[[-74.0102021, 40.7059807], [-74.0105218, 40.7061005], [-74.0103921, 40.7063155], [-74.0102408, 40.7062626], [-74.0102748, 40.7062063], [-74.0101023, 40.706146], [-74.0101141, 40.7061265], [-74.0101314, 40.7060978], [-74.0101607, 40.7060493], [-74.0101789, 40.7060192], [-74.0102021, 40.7059807]]]}, "properties": {"external_ref": "osm-way-278042239", "name": "43 Exchange Place"}}, {"type": "Feature", "geometry": {"type": "Polygon", "coordinates": [[[-74.0093195, 40.7070798], [-74.0091841, 40.7069953], [-74.0090977, 40.7069414], [-74.0094956, 40.7065029], [-74.0095112, 40.7065124], [-74.0095634, 40.706544], [-74.009689, 40.7066202], [-74.0096767, 40.7066324], [-74.0096398, 40.7066691], [-74.009528, 40.7067874], [-74.0095511, 40.7068006], [-74.0095753, 40.706815], [-74.00942, 40.7069732], [-74.0093833, 40.7070104], [-74.0093602, 40.7070333], [-74.009344, 40.7070516], [-74.0093195, 40.7070798]]]}, "properties": {"external_ref": "osm-way-278042240", "name": "44 Wall Street"}}, {"type": "Feature", "geometry": {"type": "Polygon", "coordinates": [[[-74.0100573, 40.7062205], [-74.0101693, 40.7062596], [-74.0100375, 40.706403], [-74.0100126, 40.7064301], [-74.0100037, 40.7064398], [-74.0099663, 40.7064805], [-74.0099412, 40.7065078], [-74.0099279, 40.7065223], [-74.0096797, 40.7063649], [-74.0096381, 40.7063385], [-74.0096347, 40.7063364], [-74.0097994, 40.7060637], [-74.0099137, 40.7058742], [-74.0102021, 40.7059807], [-74.0101789, 40.7060192], [-74.0101607, 40.7060493], [-74.0101314, 40.7060978], [-74.0101141, 40.7061265], [-74.0101023, 40.706146], [-74.0100573, 40.7062205]]]}, "properties": {"external_ref": "osm-way-278042241", "name": "45 Wall Street"}}, {"type": "Feature", "geometry": {"type": "Polygon", "coordinates": [[[-74.0091343, 40.7089395], [-74.0091913, 40.7088872], [-74.0093772, 40.7089866], [-74.0093457, 40.7090172], [-74.0092869, 40.7089956], [-74.0092379, 40.7089776], [-74.0091851, 40.7089582], [-74.0091343, 40.7089395]]]}, "properties": {"external_ref": "osm-way-278042242", "name": "49 Nassau Street"}}, {"type": "Feature", "geometry": {"type": "Polygon", "coordinates": [[[-74.0092263, 40.70905], [-74.0091995, 40.7090348], [-74.0091868, 40.7090278], [-74.0091411, 40.7090025], [-74.0090958, 40.7089775], [-74.0091147, 40.7089588], [-74.0091343, 40.7089395], [-74.0091851, 40.7089582], [-74.0092379, 40.7089776], [-74.0092869, 40.7089956], [-74.0093457, 40.7090172], [-74.0092187, 40.7091446], [-74.0091484, 40.7092151], [-74.0091056, 40.709167], [-74.0091634, 40.7091109], [-74.0092263, 40.70905]]]}, "properties": {"external_ref": "osm-way-278042243", "name": "51 Nassau Street"}}, {"type": "Feature", "geometry": {"type": "Polygon", "coordinates": [[[-74.0090359, 40.7090057], [-74.0090801, 40.7089688], [-74.0090958, 40.7089775], [-74.0091411, 40.7090025], [-74.0091868, 40.7090278], [-74.0091995, 40.7090348], [-74.0091647, 40.7090736], [-74.0091432, 40.7090637], [-74.0091345, 40.7090715], [-74.0090359, 40.7090057]]]}, "properties": {"external_ref": "osm-way-278042244", "name": "53 Nassau Street"}}, {"type": "Feature", "geometry": {"type": "Polygon", "coordinates": [[[-74.0091224, 40.7056211], [-74.0097812, 40.7058331], [-74.0095179, 40.7062624], [-74.0095031, 40.7062554], [-74.0094529, 40.7062315], [-74.0094341, 40.7062226], [-74.0093984, 40.7062056], [-74.0093074, 40.7061624], [-74.0092126, 40.7061174], [-74.0089982, 40.7060155], [-74.0089091, 40.7059732], [-74.0090435, 40.7057515], [-74.0091224, 40.7056211]]]}, "properties": {"external_ref": "osm-way-278042245", "name": "55 Wall Street"}}, {"type": "Feature", "geometry": {"type": "Polygon", "coordinates": [[[-74.0096854, 40.709315], [-74.0097429, 40.7093449], [-74.009679, 40.7094162], [-74.0095841, 40.7095221], [-74.0095775, 40.7095296], [-74.0095199, 40.7094997], [-74.0096854, 40.709315]]]}, "properties": {"external_ref": "osm-way-278042246", "name": "6 Maiden Lane"}}, {"type": "Feature", "geometry": {"type": "Polygon", "coordinates": [[[-74.0098552, 40.7089613], [-74.0098662, 40.708967], [-74.0098861, 40.7089444], [-74.0099533, 40.7089752], [-74.0099416, 40.7089891], [-74.0099309, 40.709001], [-74.0099251, 40.7090076], [-74.0098226, 40.7091219], [-74.009768, 40.7091828], [-74.009692, 40.7091434], [-74.009716, 40.7091166], [-74.009747, 40.709082], [-74.0098499, 40.7089672], [-74.0098552, 40.7089613]]]}, "properties": {"external_ref": "osm-way-278042247", "name": "67 Liberty Street"}}, {"type": "Feature", "geometry": {"type": "Polygon", "coordinates": [[[-74.0093265, 40.7091288], [-74.0094331, 40.7091841], [-74.0093658, 40.7092592], [-74.0092548, 40.7092016], [-74.0093265, 40.7091288]]]}, "properties": {"external_ref": "osm-way-278042248", "name": "8 Liberty Place"}}, {"type": "Feature", "geometry": {"type": "Polygon", "coordinates": [[[-74.0098567, 40.7083235], [-74.0100719, 40.7084642], [-74.0104294, 40.7086979], [-74.0102433, 40.7088866], [-74.0096076, 40.708576], [-74.0098567, 40.7083235]]]}, "properties": {"external_ref": "osm-way-278042250", "name": "140 Broadway"}}, {"type": "Feature", "geometry": {"type": "Polygon", "coordinates": [[[-74.009689, 40.7066202], [-74.0098274, 40.7067066], [-74.009959, 40.7067903], [-74.0101041, 40.7068793], [-74.0100908, 40.7068926], [-74.0100655, 40.7069181], [-74.0099742, 40.7070097], [-74.0098407, 40.7071437], [-74.0100727, 40.7072742], [-74.0100113, 40.7073366], [-74.0099943, 40.7073541], [-74.0099746, 40.7073746], [-74.0099539, 40.7073942], [-74.0099145, 40.7074368], [-74.0095964, 40.7072462], [-74.0094917, 40.7071833], [-74.0094413, 40.707153], [-74.0093195, 40.7070798], [-74.009344, 40.7070516], [-74.0093602, 40.7070333], [-74.0093833, 40.7070104], [-74.00942, 40.7069732], [-74.0095753, 40.706815], [-74.0095511, 40.7068006], [-74.009528, 40.7067874], [-74.0096398, 40.7066691], [-74.0096767, 40.7066324], [-74.009689, 40.7066202]]]}, "properties": {"external_ref": "osm-way-278042253", "name": "40 Wall Street"}}, {"type": "Feature", "geometry": {"type": "Polygon", "coordinates": [[[-74.009679, 40.7094162], [-74.0097035, 40.709429], [-74.0097836, 40.7093396], [-74.0098851, 40.7093922], [-74.0098044, 40.7094822], [-74.0098904, 40.7095268], [-74.0099517, 40.7094584], [-74.0100679, 40.7095188], [-74.0099123, 40.7096924], [-74.0095841, 40.7095221], [-74.009679, 40.7094162]]]}, "properties": {"external_ref": "osm-way-278042254", "name": "170 Broadway"}}, {"type": "Feature", "geometry": {"type": "Polygon", "coordinates": [[[-74.0097982, 40.7092832], [-74.0098082, 40.7092721], [-74.0097506, 40.7092422], [-74.0097281, 40.7092305], [-74.009768, 40.7091828], [-74.0098226, 40.7091219], [-74.0099251, 40.7090076], [-74.0099309, 40.709001], [-74.0099416, 40.7089891], [-74.0099533, 40.7089752], [-74.0103788, 40.7091715], [-74.0102515, 40.7093138], [-74.0101783, 40.7093957], [-74.0101577, 40.709385], [-74.0101352, 40.7093729], [-74.0101103, 40.7093604], [-74.0099745, 40.7092899], [-74.0099224, 40.7092629], [-74.0098627, 40.7092319], [-74.0098108, 40.7092898], [-74.0097982, 40.7092832]]]}, "properties": {"external_ref": "osm-way-278042255", "name": "150 Broadway"}}, {"type": "Feature", "geometry": {"type": "Polygon", "coordinates": [[[-74.0093923, 40.7087026], [-74.0094814, 40.7087479], [-74.0095774, 40.7087966], [-74.0093772, 40.7089866], [-74.0091913, 40.7088872], [-74.0093923, 40.7087026]]]}, "properties": {"external_ref": "osm-way-278042256", "name": "55 Liberty Place"}}, {"type": "Feature", "geometry": {"type": "Polygon", "coordinates": [[[-74.0091345, 40.7090715], [-74.009071, 40.7091282], [-74.009063, 40.7091192], [-74.008992, 40.7090394], [-74.0090359, 40.7090057], [-74.0091345, 40.7090715]]]}, "properties": {"external_ref": "osm-way-278042257", "name": "OSM 278042257"}}, {"type": "Feature", "geometry": {"type": "Polygon", "coordinates": [[[-74.009609, 40.7088423], [-74.0097332, 40.7089067], [-74.0098143, 40.7089487], [-74.0098499, 40.7089672], [-74.009747, 40.709082], [-74.009716, 40.7091166], [-74.009692, 40.7091434], [-74.0094408, 40.709013], [-74.009609, 40.7088423]]]}, "properties": {"external_ref": "osm-way-278042258", "name": "OSM 278042258"}}, {"type": "Feature", "geometry": {"type": "Polygon", "coordinates": [[[-74.0093658, 40.7092592], [-74.0092909, 40.7093429], [-74.009199, 40.7092582], [-74.0092548, 40.7092016], [-74.0093658, 40.7092592]]]}, "properties": {"external_ref": "osm-way-278042259", "name": "OSM 278042259"}}, {"type": "Feature", "geometry": {"type": "Polygon", "coordinates": [[[-74.0097506, 40.7092422], [-74.0098082, 40.7092721], [-74.0097982, 40.7092832], [-74.0097429, 40.7093449], [-74.0096854, 40.709315], [-74.0097506, 40.7092422]]]}, "properties": {"external_ref": "osm-way-278042260", "name": "OSM 278042260"}}, {"type": "Feature", "geometry": {"type": "Polygon", "coordinates": [[[-74.0108079, 40.7079916], [-74.0103099, 40.7076923], [-74.0105125, 40.7074741], [-74.0105452, 40.7074922], [-74.0107633, 40.7072635], [-74.0112231, 40.7075569], [-74.0111853, 40.7075963], [-74.0111654, 40.7076172], [-74.0111339, 40.7076501], [-74.0110554, 40.7077323], [-74.0109124, 40.7078821], [-74.0108343, 40.7079639], [-74.0108079, 40.7079916]]]}, "properties": {"external_ref": "osm-way-278042262", "name": "14 Wall Street"}}, {"type": "Feature", "geometry": {"type": "Polygon", "coordinates": [[[-74.010206, 40.7066792], [-74.0103425, 40.706551], [-74.0103657, 40.7065155], [-74.010302, 40.7064931], [-74.0104133, 40.7064097], [-74.0103833, 40.7063975], [-74.0103624, 40.7064158], [-74.0103216, 40.7064516], [-74.0102477, 40.7065164], [-74.0102346, 40.7065077], [-74.0101108, 40.706616], [-74.010206, 40.7066792]]]}, "properties": {"external_ref": "osm-way-278042263", "name": "OSM 278042263"}}, {"type": "Feature", "geometry": {"type": "Polygon", "coordinates": [[[-74.0112231, 40.7075569], [-74.0115532, 40.7077532], [-74.0114138, 40.7079132], [-74.0113576, 40.7078848], [-74.0113478, 40.7078799], [-74.0112631, 40.7078371], [-74.0111971, 40.7078038], [-74.0111799, 40.7077951], [-74.0111305, 40.7077702], [-74.0110554, 40.7077323], [-74.0111339, 40.7076501], [-74.0111654, 40.7076172], [-74.0111853, 40.7075963], [-74.0112231, 40.7075569]]]}, "properties": {"external_ref": "osm-way-278042264", "name": "2 Wall Street"}}, {"type": "Feature", "geometry": {"type": "Polygon", "coordinates": [[[-74.0100942, 40.7076977], [-74.0100837, 40.7077091], [-74.0097925, 40.7080262], [-74.0097171, 40.7079778], [-74.0096764, 40.7079516], [-74.0093556, 40.7077453], [-74.009383, 40.7077164], [-74.0094079, 40.7076901], [-74.009432, 40.7076646], [-74.0094459, 40.7076499], [-74.0095059, 40.7075865], [-74.0095781, 40.7075092], [-74.0095922, 40.7074953], [-74.0096268, 40.7074587], [-74.0096408, 40.7074439], [-74.0096522, 40.7074318], [-74.0100942, 40.7076977]]]}, "properties": {"external_ref": "osm-way-278042265", "name": "20 Pine Street"}}, {"type": "Feature", "geometry": {"type": "Polygon", "coordinates": [[[-74.0126053, 40.7068268], [-74.0128181, 40.7069231], [-74.0130141, 40.7070118], [-74.0132443, 40.707116], [-74.0130557, 40.7073824], [-74.0129545, 40.7073351], [-74.0128402, 40.7072816], [-74.0126437, 40.7071897], [-74.0125293, 40.7071362], [-74.0124032, 40.7070772], [-74.0124427, 40.7070283], [-74.0126053, 40.7068268]]]}, "properties": {"external_ref": "osm-way-278053471", "name": "Adams Express Building"}}, {"type": "Feature", "geometry": {"type": "Polygon", "coordinates": [[[-74.0105996, 40.7048795], [-74.0106775, 40.7050208], [-74.0106794, 40.705033], [-74.0105295, 40.7050466], [-74.0104766, 40.7049441], [-74.010566, 40.7048971], [-74.0105996, 40.7048795]]]}, "properties": {"external_ref": "osm-way-278053472", "name": "48 Beaver Street"}}, {"type": "Feature", "geometry": {"type": "Polygon", "coordinates": [[[-74.0150568, 40.7050469], [-74.0152678, 40.7050944], [-74.0154004, 40.7051242], [-74.0153898, 40.7051512], [-74.0153539, 40.7052429], [-74.0153289, 40.7053067], [-74.0152648, 40.7052923], [-74.0151547, 40.7052675], [-74.0150558, 40.7052453], [-74.0149853, 40.7052294], [-74.0150109, 40.7051641], [-74.0150568, 40.7050469]]]}, "properties": {"external_ref": "osm-way-278053475", "name": "Brooklyn-Battery Tunnel Ventilation Building"}}, {"type": "Feature", "geometry": {"type": "Polygon", "coordinates": [[[-74.0119367, 40.7062636], [-74.0118253, 40.7064825], [-74.011365, 40.7062869], [-74.0114916, 40.7060748], [-74.0115158, 40.7060854], [-74.0115375, 40.7060948], [-74.0115429, 40.7060972], [-74.0115669, 40.7061076], [-74.0118179, 40.7062143], [-74.0118798, 40.7062406], [-74.0118855, 40.706243], [-74.0118988, 40.7062484], [-74.0119193, 40.7062566], [-74.0119367, 40.7062636]]]}, "properties": {"external_ref": "osm-way-278053476", "name": "30 Broad Street"}}, {"type": "Feature", "geometry": {"type": "Polygon", "coordinates": [[[-74.0145016, 40.7055604], [-74.0144311, 40.7057205], [-74.0142405, 40.7061529], [-74.0139874, 40.7060668], [-74.013963, 40.7060585], [-74.0137606, 40.7059896], [-74.0134314, 40.7058776], [-74.0134676, 40.7058327], [-74.0135038, 40.7057878], [-74.013517, 40.7057944], [-74.0136305, 40.7056536], [-74.0137408, 40.7055168], [-74.0137271, 40.7055108], [-74.0137688, 40.705459], [-74.0138151, 40.7054016], [-74.0139191, 40.7054257], [-74.0140777, 40.7054623], [-74.0141637, 40.7054822], [-74.0143222, 40.7055189], [-74.0145016, 40.7055604]]]}, "properties": {"external_ref": "osm-way-278053478", "name": "25 Broadway"}}, {"type": "Feature", "geometry": {"type": "Polygon", "coordinates": [[[-74.01036, 40.7049637], [-74.0103913, 40.7050592], [-74.0103379, 40.705065], [-74.0101983, 40.7050801], [-74.0101927, 40.7050802], [-74.0101818, 40.7050789], [-74.0101716, 40.7050755], [-74.0101671, 40.7050731], [-74.0101594, 40.7050669], [-74.0101541, 40.7050595], [-74.0101525, 40.7050554], [-74.0101516, 40.7050513], [-74.0101519, 40.7050428], [-74.0101531, 40.7050387], [-74.0101577, 40.705031], [-74.0102816, 40.704896], [-74.0102929, 40.7048836], [-74.01036, 40.7049637]]]}, "properties": {"external_ref": "osm-way-278053480", "name": "56 Beaver Street"}}, {"type": "Feature", "geometry": {"type": "Polygon", "coordinates": [[[-74.0129215, 40.707572], [-74.0128525, 40.7076967], [-74.0121093, 40.7074528], [-74.0121739, 40.7073675], [-74.0122489, 40.7072684], [-74.0122539, 40.7072706], [-74.0126089, 40.7074309], [-74.012723, 40.7074824], [-74.0129122, 40.7075678], [-74.0129215, 40.707572]]]}, "properties": {"external_ref": "osm-way-278053481", "name": "Empire Building"}}, {"type": "Feature", "geometry": {"type": "Polygon", "coordinates": [[[-74.012372, 40.7057171], [-74.012973, 40.7059798], [-74.0128632, 40.7061227], [-74.0127612, 40.7062556], [-74.0127245, 40.7062392], [-74.0126443, 40.7062033], [-74.0125895, 40.7061788], [-74.0124203, 40.7061031], [-74.0123638, 40.7060778], [-74.0123233, 40.7060597], [-74.01228, 40.7060403], [-74.0122279, 40.706017], [-74.012372, 40.7057171]]]}, "properties": {"external_ref": "osm-way-278053483", "name": "42 Broadway"}}, {"type": "Feature", "geometry": {"type": "Polygon", "coordinates": [[[-74.0133945, 40.7068949], [-74.0132731, 40.7070563], [-74.0132666, 40.707065], [-74.0132593, 40.7070703], [-74.0132501, 40.7070732], [-74.0132451, 40.7070737], [-74.0132352, 40.7070726], [-74.0130822, 40.7070059], [-74.0130862, 40.7070005], [-74.0130906, 40.7069947], [-74.0131001, 40.7069811], [-74.0131175, 40.7069589], [-74.0131073, 40.706962], [-74.0130963, 40.7069622], [-74.0130909, 40.7069613], [-74.0126794, 40.7067819], [-74.0126764, 40.7067792], [-74.0126726, 40.7067729], [-74.0126718, 40.7067694], [-74.0126718, 40.7067659], [-74.0126742, 40.7067591], [-74.0126868, 40.7067452], [-74.012756, 40.7066622], [-74.0127604, 40.7066591], [-74.0127708, 40.7066544], [-74.0127765, 40.7066529], [-74.0128584, 40.7066888], [-74.012874, 40.706668], [-74.0131444, 40.7067867], [-74.0133945, 40.7068949]]]}, "properties": {"external_ref": "osm-way-278053485", "name": "55 Broadway"}}, {"type": "Feature", "geometry": {"type": "Polygon", "coordinates": [[[-74.0132152, 40.7061185], [-74.0132419, 40.7061302], [-74.0134241, 40.7062096], [-74.0135793, 40.7062773], [-74.0135963, 40.7062847], [-74.0136878, 40.7063246], [-74.0137396, 40.7063474], [-74.0137538, 40.7063531], [-74.0137671, 40.7063588], [-74.0137776, 40.7063626], [-74.0138, 40.7063716], [-74.0137661, 40.7064135], [-74.0136662, 40.7065369], [-74.0136336, 40.7065772], [-74.0136066, 40.7065655], [-74.013562, 40.7065462], [-74.0135571, 40.7065441], [-74.0135396, 40.7065364], [-74.0134733, 40.7065073], [-74.013445, 40.706495], [-74.0134211, 40.7064846], [-74.0132578, 40.7064133], [-74.0132294, 40.7064009], [-74.0132236, 40.7063983], [-74.0131562, 40.7063688], [-74.0131382, 40.706361], [-74.0130717, 40.7063317], [-74.0130449, 40.7063199], [-74.0130638, 40.7062977], [-74.0130787, 40.7062802], [-74.0131816, 40.7061583], [-74.0132152, 40.7061185]]]}, "properties": {"external_ref": "osm-way-278053487", "name": "39 Broadway"}}, {"type": "Feature", "geometry": {"type": "Polygon", "coordinates": [[[-74.0123657, 40.7043387], [-74.0121903, 40.7043546], [-74.0121698, 40.7041036], [-74.0123355, 40.7041072], [-74.0123426, 40.7041903], [-74.0123512, 40.7042463], [-74.0123657, 40.7043387]]]}, "properties": {"external_ref": "osm-way-278053490", "name": "11 Stone Street"}}, {"type": "Feature", "geometry": {"type": "Polygon", "coordinates": [[[-74.0121439, 40.7041028], [-74.0121421, 40.7043149], [-74.0120503, 40.7043159], [-74.0120493, 40.7042619], [-74.0120484, 40.7042156], [-74.0120478, 40.7041859], [-74.0120472, 40.7041542], [-74.0120468, 40.7040999], [-74.0121439, 40.7041028]]]}, "properties": {"external_ref": "osm-way-278053492", "name": "15 Stone Street"}}, {"type": "Feature", "geometry": {"type": "Polygon", "coordinates": [[[-74.0124342, 40.7047211], [-74.0125524, 40.7047175], [-74.0125598, 40.7048239], [-74.0125666, 40.7049221], [-74.0124479, 40.7049159], [-74.0124178, 40.7049143], [-74.0124342, 40.7047211]]]}, "properties": {"external_ref": "osm-way-278053493", "name": "16 Beaver Street"}}, {"type": "Feature", "geometry": {"type": "Polygon", "coordinates": [[[-74.0123432, 40.7047238], [-74.0124342, 40.7047211], [-74.0124178, 40.7049143], [-74.0123274, 40.7049096], [-74.0123432, 40.7047238]]]}, "properties": {"external_ref": "osm-way-278053494", "name": "18 Beaver Street"}}, {"type": "Feature", "geometry": {"type": "Polygon", "coordinates": [[[-74.0122507, 40.7047267], [-74.0123432, 40.7047238], [-74.0123274, 40.7049096], [-74.012256, 40.7049059], [-74.0122356, 40.7049048], [-74.0122507, 40.7047267]]]}, "properties": {"external_ref": "osm-way-278053496", "name": "20 Beaver Street"}}, {"type": "Feature", "geometry": {"type": "Polygon", "coordinates": [[[-74.0111321, 40.706652], [-74.0113207, 40.7063598], [-74.0116386, 40.706497], [-74.0117835, 40.7065595], [-74.0117533, 40.706609], [-74.0117159, 40.7066702], [-74.0115875, 40.7068808], [-74.0115784, 40.7068774], [-74.0115701, 40.7068741], [-74.0115528, 40.706868], [-74.0115377, 40.7068621], [-74.0115192, 40.7068549], [-74.0115023, 40.7068482], [-74.0114849, 40.7068418], [-74.0114692, 40.7068359], [-74.0114379, 40.706824], [-74.0113453, 40.7067877], [-74.0113673, 40.7067541], [-74.011267, 40.7067099], [-74.011219, 40.7066895], [-74.0111651, 40.7066657], [-74.011145, 40.7066568], [-74.0111321, 40.706652]]]}, "properties": {"external_ref": "osm-way-278053497", "name": "20 Broad Street"}}, {"type": "Feature", "geometry": {"type": "Polygon", "coordinates": [[[-74.0121702, 40.7047291], [-74.0122507, 40.7047267], [-74.0122356, 40.7049048], [-74.012173, 40.7049016], [-74.0121556, 40.7049007], [-74.0121702, 40.7047291]]]}, "properties": {"external_ref": "osm-way-278053498", "name": "22 Beaver Street"}}, {"type": "Feature", "geometry": {"type": "Polygon", "coordinates": [[[-74.0120895, 40.7047316], [-74.0121702, 40.7047291], [-74.0121556, 40.7049007], [-74.0120747, 40.7048965], [-74.0120895, 40.7047316]]]}, "properties": {"external_ref": "osm-way-278053499", "name": "24 Beaver Street"}}, {"type": "Feature", "geometry": {"type": "Polygon", "coordinates": [[[-74.0118884, 40.7047377], [-74.0120895, 40.7047316], [-74.0120747, 40.7048965], [-74.0120261, 40.704894], [-74.011886, 40.7048866], [-74.0118884, 40.7047377]]]}, "properties": {"external_ref": "osm-way-278053502", "name": "26 Beaver Street"}}, {"type": "Feature", "geometry": {"type": "Polygon", "coordinates": [[[-74.010504, 40.7047118], [-74.0106766, 40.7046088], [-74.0107891, 40.7045626], [-74.0108712, 40.7045289], [-74.010942, 40.7044999], [-74.0110532, 40.7046935], [-74.010994, 40.7047184], [-74.0110048, 40.7047568], [-74.0107257, 40.7048023], [-74.0106969, 40.7047521], [-74.0105641, 40.7047963], [-74.010504, 40.7047118]]]}, "properties": {"external_ref": "osm-way-278053503", "name": "26 South William Street"}}, {"type": "Feature", "geometry": {"type": "Polygon", "coordinates": [[[-74.0096822, 40.7048141], [-74.0098546, 40.7050928], [-74.0094914, 40.7051774], [-74.0094799, 40.7051449], [-74.0094508, 40.7050632], [-74.0094257, 40.7049926], [-74.0094008, 40.7049223], [-74.0093861, 40.7048811], [-74.0094378, 40.7048694], [-74.0096822, 40.7048141]]]}, "properties": {"external_ref": "osm-way-278053507", "name": "3 Hanover Square"}}, {"type": "Feature", "geometry": {"type": "Polygon", "coordinates": [[[-74.0117166, 40.7058766], [-74.0117313, 40.7058724], [-74.0119419, 40.7058684], [-74.011933, 40.7057198], [-74.0119966, 40.7057265], [-74.0121948, 40.7057472], [-74.0121035, 40.7059399], [-74.0120393, 40.7059294], [-74.0119661, 40.7059174], [-74.0117166, 40.7058766]]]}, "properties": {"external_ref": "osm-way-278053511", "name": "44 New Street"}}, {"type": "Feature", "geometry": {"type": "Polygon", "coordinates": [[[-74.0094914, 40.7051774], [-74.0090981, 40.705243], [-74.0090682, 40.705248], [-74.009062, 40.7052278], [-74.0089843, 40.7049721], [-74.0091784, 40.7049281], [-74.0093861, 40.7048811], [-74.0094008, 40.7049223], [-74.0094257, 40.7049926], [-74.0094508, 40.7050632], [-74.0094799, 40.7051449], [-74.0094914, 40.7051774]]]}, "properties": {"external_ref": "osm-way-278053513", "name": "5 Hanover Square"}}, {"type": "Feature", "geometry": {"type": "Polygon", "coordinates": [[[-74.0105295, 40.7050466], [-74.0104533, 40.7050535], [-74.0103913, 40.7050592], [-74.01036, 40.7049637], [-74.0104458, 40.7049135], [-74.0104766, 40.7049441], [-74.0105295, 40.7050466]]]}, "properties": {"external_ref": "osm-way-278053514", "name": "52 Beaver Street"}}, {"type": "Feature", "geometry": {"type": "Polygon", "coordinates": [[[-74.0119963, 40.7046004], [-74.0119987, 40.7046845], [-74.0116637, 40.70469], [-74.0116727, 40.7046057], [-74.0116914, 40.7046054], [-74.011726, 40.7046049], [-74.0119963, 40.7046004]]]}, "properties": {"external_ref": "osm-way-278053519", "name": "74 Broad Street"}}, {"type": "Feature", "geometry": {"type": "Polygon", "coordinates": [[[-74.0110048, 40.7047568], [-74.0110853, 40.7047495], [-74.0110532, 40.7046935], [-74.010942, 40.7044999], [-74.0110474, 40.7044632], [-74.0113625, 40.7043536], [-74.0114041, 40.7043779], [-74.0114468, 40.7044028], [-74.0114407, 40.7049084], [-74.0113606, 40.7049795], [-74.0110428, 40.7049988], [-74.0110411, 40.7049877], [-74.0110154, 40.7048243], [-74.0110048, 40.7047568]]]}, "properties": {"external_ref": "osm-way-278053520", "name": "75 Broad Street"}}, {"type": "Feature", "geometry": {"type": "Polygon", "coordinates": [[[-74.0145134, 40.7050474], [-74.0145328, 40.7050519], [-74.0145413, 40.7050306], [-74.0144371, 40.7050065], [-74.0144565, 40.704958], [-74.0143312, 40.704929], [-74.0143075, 40.7049882], [-74.014347, 40.7049974], [-74.014317, 40.7050725], [-74.0142535, 40.7050551], [-74.0141498, 40.7050266], [-74.0141106, 40.7050159], [-74.0140947, 40.7050115], [-74.0141411, 40.7048953], [-74.0141853, 40.7047847], [-74.0142422, 40.7047703], [-74.0144246, 40.7048078], [-74.0144774, 40.7048187], [-74.0145431, 40.7048322], [-74.0145907, 40.704842], [-74.0147589, 40.7048766], [-74.0147868, 40.7049131], [-74.0146835, 40.7051475], [-74.0146666, 40.7051435], [-74.0146264, 40.7051342], [-74.0145428, 40.7051149], [-74.0144912, 40.705103], [-74.0145134, 40.7050474]]]}, "properties": {"external_ref": "osm-way-278053524", "name": "1 Broadway"}}, {"type": "Feature", "geometry": {"type": "Polygon", "coordinates": [[[-74.0108413, 40.7056213], [-74.0113082, 40.7056292], [-74.0113013, 40.7056716], [-74.0112897, 40.705713], [-74.0112788, 40.7057553], [-74.0112696, 40.7057861], [-74.0112599, 40.7058181], [-74.0112455, 40.7058568], [-74.0112312, 40.7058953], [-74.0112232, 40.7059149], [-74.0112218, 40.7059183], [-74.0110195, 40.7058889], [-74.0109557, 40.7058796], [-74.0109576, 40.7058442], [-74.0109202, 40.7058395], [-74.0109238, 40.7057097], [-74.0109257, 40.7056429], [-74.0108454, 40.7056415], [-74.0108413, 40.7056213]]]}, "properties": {"external_ref": "osm-way-278053525", "name": "41 Broad Street"}}, {"type": "Feature", "geometry": {"type": "Polygon", "coordinates": [[[-74.0106314, 40.7055495], [-74.0106506, 40.7056286], [-74.0101953, 40.7056346], [-74.0101832, 40.705672], [-74.010267, 40.7057034], [-74.0102832, 40.7056783], [-74.0104016, 40.7057227], [-74.0103831, 40.7057513], [-74.0103995, 40.7057575], [-74.0103021, 40.705908], [-74.0102332, 40.7058822], [-74.0102128, 40.7058745], [-74.0099431, 40.7057734], [-74.0099485, 40.7057553], [-74.0100001, 40.7055821], [-74.0101756, 40.7055653], [-74.0102922, 40.7055549], [-74.0106314, 40.7055495]]]}, "properties": {"external_ref": "osm-way-278053526", "name": "40 Exchange Place"}}, {"type": "Feature", "geometry": {"type": "Polygon", "coordinates": [[[-74.0115447, 40.7058484], [-74.0115864, 40.7058552], [-74.0116183, 40.7058605], [-74.0117166, 40.7058766], [-74.0119661, 40.7059174], [-74.0120393, 40.7059294], [-74.0118855, 40.706243], [-74.0118798, 40.7062406], [-74.0118179, 40.7062143], [-74.0115669, 40.7061076], [-74.0115429, 40.7060972], [-74.0115375, 40.7060948], [-74.0115158, 40.7060854], [-74.0114916, 40.7060748], [-74.0114974, 40.7060501], [-74.0115067, 40.7060105], [-74.0115447, 40.7058484]]]}, "properties": {"external_ref": "osm-way-278053527", "name": "40 Broad Street"}}, {"type": "Feature", "geometry": {"type": "Polygon", "coordinates": [[[-74.0104395, 40.7047547], [-74.010504, 40.7047118], [-74.0105641, 40.7047963], [-74.0106043, 40.7048526], [-74.01063, 40.7048503], [-74.0106291, 40.7048448], [-74.0107205, 40.7048365], [-74.0107228, 40.7048509], [-74.0110154, 40.7048243], [-74.0110411, 40.7049877], [-74.011006, 40.7049909], [-74.0107175, 40.7050172], [-74.0106775, 40.7050208], [-74.0105996, 40.7048795], [-74.010566, 40.7048971], [-74.0104395, 40.7047547]]]}, "properties": {"external_ref": "osm-way-278053528", "name": "44 Beaver Street"}}, {"type": "Feature", "geometry": {"type": "Polygon", "coordinates": [[[-74.0115875, 40.7068808], [-74.0113927, 40.7071838], [-74.0112489, 40.7073923], [-74.0112167, 40.7073927], [-74.0108464, 40.7071466], [-74.0108331, 40.7071378], [-74.0109337, 40.7069928], [-74.0111286, 40.7066829], [-74.011145, 40.7066568], [-74.0111651, 40.7066657], [-74.011219, 40.7066895], [-74.011267, 40.7067099], [-74.0113673, 40.7067541], [-74.0113453, 40.7067877], [-74.0114379, 40.706824], [-74.0114692, 40.7068359], [-74.0114849, 40.7068418], [-74.0115023, 40.7068482], [-74.0115192, 40.7068549], [-74.0115377, 40.7068621], [-74.0115528, 40.706868], [-74.0115701, 40.7068741], [-74.0115784, 40.7068774], [-74.0115875, 40.7068808]]]}, "properties": {"external_ref": "osm-way-278053530", "name": "11 Wall Street"}}, {"type": "Feature", "geometry": {"type": "Polygon", "coordinates": [[[-74.0138011, 40.7053983], [-74.0138397, 40.7053463], [-74.0138807, 40.705291], [-74.0138984, 40.7052951], [-74.0140203, 40.7051269], [-74.0140021, 40.7051227], [-74.0140855, 40.705009], [-74.0140947, 40.7050115], [-74.0141106, 40.7050159], [-74.0141498, 40.7050266], [-74.0142535, 40.7050551], [-74.014317, 40.7050725], [-74.0143197, 40.7050733], [-74.0142714, 40.7051343], [-74.0142912, 40.705142], [-74.0142498, 40.7052044], [-74.014221, 40.7051978], [-74.0141946, 40.705231], [-74.0141827, 40.7052282], [-74.0141487, 40.7052711], [-74.0141305, 40.7053169], [-74.0141925, 40.7053313], [-74.0142239, 40.7052532], [-74.0143478, 40.7052819], [-74.0143157, 40.7053617], [-74.014369, 40.705374], [-74.0144215, 40.7052424], [-74.0143952, 40.7052364], [-74.0144204, 40.7051732], [-74.0144503, 40.7051801], [-74.0144819, 40.7051008], [-74.0144912, 40.705103], [-74.0145428, 40.7051149], [-74.0146264, 40.7051342], [-74.0146666, 40.7051435], [-74.0146835, 40.7051475], [-74.0145016, 40.7055604], [-74.0143222, 40.7055189], [-74.0141637, 40.7054822], [-74.0140777, 40.7054623], [-74.0139191, 40.7054257], [-74.0138151, 40.7054016], [-74.0138011, 40.7053983]]]}, "properties": {"external_ref": "osm-way-278053535", "name": "11 Broadway"}}, {"type": "Feature", "geometry": {"type": "Polygon", "coordinates": [[[-74.0144816, 40.704142], [-74.0144603, 40.7041365], [-74.0144943, 40.7040613], [-74.0145042, 40.7040639], [-74.0145154, 40.7040392], [-74.0145424, 40.7040462], [-74.0145737, 40.7040543], [-74.0145617, 40.7040808], [-74.0145733, 40.7040838], [-74.0145405, 40.7041566], [-74.0145169, 40.7041504], [-74.0145128, 40.7041594], [-74.0144778, 40.7041503], [-74.0144816, 40.704142]]]}, "properties": {"external_ref": "osm-way-278053543", "name": "Bowling Green IRT Control House"}}, {"type": "Feature", "geometry": {"type": "Polygon", "coordinates": [[[-74.0132113, 40.7055599], [-74.0131232, 40.7057777], [-74.0131295, 40.7057799], [-74.0130786, 40.7058562], [-74.012424, 40.7056089], [-74.0125451, 40.7053566], [-74.0125808, 40.7053672], [-74.0126535, 40.7053908], [-74.0127733, 40.7054265], [-74.0129903, 40.705493], [-74.0131223, 40.7055327], [-74.0132113, 40.7055599]]]}, "properties": {"external_ref": "osm-way-278053545", "name": "OSM 278053545"}}, {"type": "Feature", "geometry": {"type": "Polygon", "coordinates": [[[-74.0103995, 40.7057575], [-74.0104436, 40.705774], [-74.0105045, 40.70568], [-74.01063, 40.705727], [-74.01057, 40.7058197], [-74.0106706, 40.7058575], [-74.010699, 40.7058136], [-74.0107148, 40.7058195], [-74.0107687, 40.7057526], [-74.0107704, 40.7057119], [-74.010746, 40.7057148], [-74.0106867, 40.7054218], [-74.0107982, 40.7054087], [-74.0108064, 40.7054491], [-74.0108413, 40.7056213], [-74.0108454, 40.7056415], [-74.0108576, 40.7057017], [-74.0108479, 40.7057817], [-74.0108725, 40.7057916], [-74.0108414, 40.705865], [-74.0108584, 40.7058713], [-74.0108356, 40.7059066], [-74.0109744, 40.7059586], [-74.0110195, 40.7058889], [-74.0112218, 40.7059183], [-74.0112028, 40.7059541], [-74.0110937, 40.7061602], [-74.0110764, 40.7061927], [-74.011074, 40.7061973], [-74.0103021, 40.705908], [-74.0103995, 40.7057575]]]}, "properties": {"external_ref": "osm-way-278053547", "name": "25 Broad Street"}}, {"type": "Feature", "geometry": {"type": "Polygon", "coordinates": [[[-74.0103728, 40.7039737], [-74.0105208, 40.7041726], [-74.0104765, 40.7041928], [-74.0104556, 40.7042023], [-74.0103867, 40.7041266], [-74.0102975, 40.7040287], [-74.010338, 40.7039991], [-74.0103728, 40.7039737]]]}, "properties": {"external_ref": "osm-way-278053549", "name": "OSM 278053549"}}]}